participant_id,age,how_masculine,how_important,feel_masculine,masculinity_important,,Very,Somewhat,Not Very,Not at all
1,35 - 64,Somewhat,Somewhat,TRUE,TRUE,,,,,
2,65 and up,Somewhat,Somewhat,TRUE,TRUE,,,,,
3,35 - 64,Very,Not too,TRUE,FALSE,,,,,
4,65 and up,Very,Not too,TRUE,FALSE,,,,,
5,35 - 64,Very,Very,TRUE,TRUE,,,,,
6,65 and up,Very,Somewhat,TRUE,TRUE,,,,,
7,18 - 34,Somewhat,Not too,TRUE,FALSE,,,,,
8,65 and up,Somewhat,Somewhat,TRUE,TRUE,,,,,
9,35 - 64,Very,Not at all,TRUE,FALSE,,,,,
10,35 - 64,Somewhat,Somewhat,TRUE,TRUE,,,,,
11,35 - 64,Very,Somewhat,TRUE,TRUE,,,,,
12,35 - 64,Somewhat,Not too,TRUE,FALSE,,,,,
13,35 - 64,Very,Somewhat,TRUE,TRUE,,,,,
14,18 - 34,Very,Very,TRUE,TRUE,,,,,
15,18 - 34,Not at all,Not at all,FALSE,FALSE,,,,,
16,65 and up,Somewhat,Somewhat,TRUE,TRUE,,,,,
17,35 - 64,Somewhat,Not too,TRUE,FALSE,,,,,
18,35 - 64,Somewhat,Not too,TRUE,FALSE,,,,,
19,65 and up,Very,Somewhat,TRUE,TRUE,,,,,
20,35 - 64,Somewhat,Somewhat,TRUE,TRUE,,,,,
21,65 and up,Not Very,Somewhat,FALSE,TRUE,,,,,
22,35 - 64,Somewhat,Somewhat,TRUE,TRUE,,,,,
23,35 - 64,Somewhat,Not too,TRUE,FALSE,,,,,
24,35 - 64,Very,Somewhat,TRUE,TRUE,,,,,
25,65 and up,Very,Not too,TRUE,FALSE,,,,,
26,65 and up,Somewhat,Not too,TRUE,FALSE,,,,,
27,65 and up,Not Very,Somewhat,FALSE,TRUE,,,,,
28,65 and up,Not at all,Not at all,FALSE,FALSE,,,,,
29,65 and up,Very,Somewhat,TRUE,TRUE,,,,,
30,65 and up,Not Very,Somewhat,FALSE,TRUE,,,,,
31,35 - 64,Somewhat,Somewhat,TRUE,TRUE,,,,,
32,18 - 34,Somewhat,Somewhat,TRUE,TRUE,,,,,
33,35 - 64,Not Very,Not too,FALSE,FALSE,,,,,
34,65 and up,Somewhat,Somewhat,TRUE,TRUE,,,,,
35,35 - 64,Very,Somewhat,TRUE,TRUE,,,,,
36,35 - 64,Somewhat,Somewhat,TRUE,TRUE,,,,,
37,35 - 64,Somewhat,Not too,TRUE,FALSE,,,,,
38,65 and up,Very,Not too,TRUE,FALSE,,,,,
39,35 - 64,Not Very,Not too,FALSE,FALSE,,,,,
40,65 and up,Somewhat,Not too,TRUE,FALSE,,,,,
41,35 - 64,Not Very,Not too,FALSE,FALSE,,,,,
42,65 and up,Somewhat,Not too,TRUE,FALSE,,,,,
43,35 - 64,Very,Somewhat,TRUE,TRUE,,,,,
44,65 and up,Very,Very,TRUE,TRUE,,,,,
45,65 and up,Somewhat,Not at all,TRUE,FALSE,,,,,
46,65 and up,Not Very,Not too,FALSE,FALSE,,,,,
47,18 - 34,Not Very,Not too,FALSE,FALSE,,,,,
48,65 and up,Very,Somewhat,TRUE,TRUE,,,,,
49,35 - 64,Somewhat,Somewhat,TRUE,TRUE,,,,,
50,18 - 34,Not Very,Somewhat,FALSE,TRUE,,,,,
51,65 and up,Somewhat,Not too,TRUE,FALSE,,,,,
52,35 - 64,Very,Somewhat,TRUE,TRUE,,,,,
53,65 and up,Somewhat,Not at all,TRUE,FALSE,,,,,
54,35 - 64,Somewhat,Not too,TRUE,FALSE,,,,,
55,35 - 64,Somewhat,Not too,TRUE,FALSE,,,,,
56,35 - 64,Somewhat,Not too,TRUE,FALSE,,,,,
57,65 and up,Very,Not too,TRUE,FALSE,,,,,
58,65 and up,Very,Not too,TRUE,FALSE,,,,,
59,65 and up,Somewhat,Somewhat,TRUE,TRUE,,,,,
60,35 - 64,Very,Very,TRUE,TRUE,,,,,
61,65 and up,Very,Very,TRUE,TRUE,,,,,
62,65 and up,Very,Not at all,TRUE,FALSE,,,,,
63,18 - 34,Not Very,Somewhat,FALSE,TRUE,,,,,
64,35 - 64,Not Very,Somewhat,FALSE,TRUE,,,,,
65,65 and up,Very,Somewhat,TRUE,TRUE,,,,,
66,35 - 64,Somewhat,Not too,TRUE,FALSE,,,,,
67,35 - 64,Very,Very,TRUE,TRUE,,,,,
68,65 and up,Somewhat,Not too,TRUE,FALSE,,,,,
69,35 - 64,Very,Not at all,TRUE,FALSE,,,,,
70,65 and up,Somewhat,Not too,TRUE,FALSE,,,,,
71,35 - 64,Somewhat,Somewhat,TRUE,TRUE,,,,,
72,65 and up,Very,Somewhat,TRUE,TRUE,,,,,
73,65 and up,Somewhat,Somewhat,TRUE,TRUE,,,,,
74,35 - 64,Somewhat,Not too,TRUE,FALSE,,,,,
75,65 and up,Somewhat,Somewhat,TRUE,TRUE,,,,,
76,65 and up,Somewhat,Not too,TRUE,FALSE,,,,,
77,35 - 64,Not Very,Not at all,FALSE,FALSE,,,,,
78,35 - 64,Very,Somewhat,TRUE,TRUE,,,,,
79,65 and up,Very,Not at all,TRUE,FALSE,,,,,
80,35 - 64,Somewhat,Somewhat,TRUE,TRUE,,,,,
81,35 - 64,Somewhat,Somewhat,TRUE,TRUE,,,,,
82,65 and up,Very,Somewhat,TRUE,TRUE,,,,,
83,35 - 64,Somewhat,Very,TRUE,TRUE,,,,,
84,65 and up,Very,Not too,TRUE,FALSE,,,,,
85,35 - 64,Very,Very,TRUE,TRUE,,,,,
86,35 - 64,Very,Very,TRUE,TRUE,,,,,
87,65 and up,Very,Not too,TRUE,FALSE,,,,,
88,65 and up,Somewhat,Somewhat,TRUE,TRUE,,,,,
89,65 and up,Very,Somewhat,TRUE,TRUE,,,,,
90,35 - 64,Not Very,Somewhat,FALSE,TRUE,,,,,
91,18 - 34,Somewhat,Not too,TRUE,FALSE,,,,,
92,65 and up,Somewhat,Somewhat,TRUE,TRUE,,,,,
93,35 - 64,Somewhat,Not too,TRUE,FALSE,,,,,
94,35 - 64,Somewhat,Not too,TRUE,FALSE,,,,,
95,65 and up,Very,Somewhat,TRUE,TRUE,,,,,
96,65 and up,Somewhat,Not too,TRUE,FALSE,,,,,
97,35 - 64,Not Very,Not at all,FALSE,FALSE,,,,,
98,18 - 34,Somewhat,Somewhat,TRUE,TRUE,,,,,
99,65 and up,Very,Not at all,TRUE,FALSE,,,,,
100,65 and up,Somewhat,Not too,TRUE,FALSE,,,,,
101,35 - 64,Somewhat,Somewhat,TRUE,TRUE,,,,,
102,65 and up,Somewhat,Not at all,TRUE,FALSE,,,,,
103,65 and up,Very,Very,TRUE,TRUE,,,,,
104,35 - 64,Somewhat,Not too,TRUE,FALSE,,,,,
105,65 and up,Very,Somewhat,TRUE,TRUE,,,,,
106,18 - 34,Somewhat,Not at all,TRUE,FALSE,,,,,
107,65 and up,Not Very,Not too,FALSE,FALSE,,,,,
108,65 and up,Very,Not too,TRUE,FALSE,,,,,
109,65 and up,Somewhat,Not too,TRUE,FALSE,,,,,
110,35 - 64,Somewhat,Very,TRUE,TRUE,,,,,
111,65 and up,Very,Very,TRUE,TRUE,,,,,
112,35 - 64,Somewhat,Not too,TRUE,FALSE,,,,,
113,35 - 64,Somewhat,Somewhat,TRUE,TRUE,,,,,
114,35 - 64,Somewhat,Somewhat,TRUE,TRUE,,,,,
115,18 - 34,Very,Not at all,TRUE,FALSE,,,,,
116,65 and up,Very,Very,TRUE,TRUE,,,,,
117,18 - 34,Very,Somewhat,TRUE,TRUE,,,,,
118,18 - 34,Not at all,Not too,FALSE,FALSE,,,,,
119,35 - 64,Somewhat,Somewhat,TRUE,TRUE,,,,,
120,18 - 34,Somewhat,Not too,TRUE,FALSE,,,,,
121,65 and up,Very,Somewhat,TRUE,TRUE,,,,,
122,65 and up,Very,Not too,TRUE,FALSE,,,,,
123,35 - 64,Somewhat,Somewhat,TRUE,TRUE,,,,,
124,65 and up,Somewhat,Not too,TRUE,FALSE,,,,,
125,35 - 64,Somewhat,Not at all,TRUE,FALSE,,,,,
126,35 - 64,Very,Somewhat,TRUE,TRUE,,,,,
127,35 - 64,Somewhat,Very,TRUE,TRUE,,,,,
128,35 - 64,Not Very,Somewhat,FALSE,TRUE,,,,,
129,65 and up,Very,Not too,TRUE,FALSE,,,,,
130,35 - 64,Very,Somewhat,TRUE,TRUE,,,,,
131,35 - 64,Somewhat,Somewhat,TRUE,TRUE,,,,,
132,65 and up,Somewhat,Not too,TRUE,FALSE,,,,,
133,35 - 64,Not Very,Not at all,FALSE,FALSE,,,,,
134,65 and up,Somewhat,Not too,TRUE,FALSE,,,,,
135,65 and up,Somewhat,Somewhat,TRUE,TRUE,,,,,
136,18 - 34,Very,Not too,TRUE,FALSE,,,,,
137,65 and up,Somewhat,Not too,TRUE,FALSE,,,,,
138,65 and up,Very,Somewhat,TRUE,TRUE,,,,,
139,35 - 64,Very,Somewhat,TRUE,TRUE,,,,,
140,18 - 34,Not at all,Not at all,FALSE,FALSE,,,,,
141,18 - 34,Not Very,Not at all,FALSE,FALSE,,,,,
142,35 - 64,Very,Somewhat,TRUE,TRUE,,,,,
143,18 - 34,Somewhat,Very,TRUE,TRUE,,,,,
144,65 and up,Very,Somewhat,TRUE,TRUE,,,,,
145,18 - 34,Not Very,Not at all,FALSE,FALSE,,,,,
146,35 - 64,No answer,Not at all,FALSE,FALSE,,,,,
147,65 and up,Somewhat,Not too,TRUE,FALSE,,,,,
148,35 - 64,Somewhat,Somewhat,TRUE,TRUE,,,,,
149,35 - 64,Somewhat,Somewhat,TRUE,TRUE,,,,,
150,35 - 64,Very,Somewhat,TRUE,TRUE,,,,,
151,35 - 64,Somewhat,Not too,TRUE,FALSE,,,,,
152,35 - 64,Somewhat,Somewhat,TRUE,TRUE,,,,,
153,35 - 64,Somewhat,Not too,TRUE,FALSE,,,,,
154,35 - 64,Not at all,Not at all,FALSE,FALSE,,,,,
155,35 - 64,Very,Somewhat,TRUE,TRUE,,,,,
156,35 - 64,Not Very,Not at all,FALSE,FALSE,,,,,
157,65 and up,Somewhat,Not too,TRUE,FALSE,,,,,
158,35 - 64,Somewhat,Not too,TRUE,FALSE,,,,,
159,35 - 64,Somewhat,Not too,TRUE,FALSE,,,,,
160,35 - 64,Somewhat,No answer,TRUE,FALSE,,,,,
161,35 - 64,Not Very,Not at all,FALSE,FALSE,,,,,
162,65 and up,Very,Not at all,TRUE,FALSE,,,,,
163,35 - 64,Somewhat,Somewhat,TRUE,TRUE,,,,,
164,18 - 34,Very,Somewhat,TRUE,TRUE,,,,,
165,65 and up,Not Very,Not too,FALSE,FALSE,,,,,
166,18 - 34,Somewhat,Somewhat,TRUE,TRUE,,,,,
167,35 - 64,Very,Not at all,TRUE,FALSE,,,,,
168,35 - 64,Somewhat,Not at all,TRUE,FALSE,,,,,
169,35 - 64,Somewhat,Very,TRUE,TRUE,,,,,
170,65 and up,Very,Not too,TRUE,FALSE,,,,,
171,18 - 34,Somewhat,Somewhat,TRUE,TRUE,,,,,
172,35 - 64,Somewhat,Somewhat,TRUE,TRUE,,,,,
173,65 and up,Somewhat,Not too,TRUE,FALSE,,,,,
174,65 and up,Very,Not too,TRUE,FALSE,,,,,
175,65 and up,Somewhat,Not too,TRUE,FALSE,,,,,
176,65 and up,Very,Very,TRUE,TRUE,,,,,
177,35 - 64,Somewhat,Somewhat,TRUE,TRUE,,,,,
178,35 - 64,Not at all,Somewhat,FALSE,TRUE,,,,,
179,18 - 34,Somewhat,Not too,TRUE,FALSE,,,,,
180,18 - 34,Somewhat,Not at all,TRUE,FALSE,,,,,
181,65 and up,Somewhat,Not too,TRUE,FALSE,,,,,
182,35 - 64,Somewhat,Not too,TRUE,FALSE,,,,,
183,35 - 64,Very,Somewhat,TRUE,TRUE,,,,,
184,35 - 64,Very,Not at all,TRUE,FALSE,,,,,
185,35 - 64,Very,Somewhat,TRUE,TRUE,,,,,
186,65 and up,Somewhat,Somewhat,TRUE,TRUE,,,,,
187,35 - 64,Somewhat,Not too,TRUE,FALSE,,,,,
188,35 - 64,Very,Very,TRUE,TRUE,,,,,
189,35 - 64,Not Very,Not too,FALSE,FALSE,,,,,
190,35 - 64,Not at all,Not at all,FALSE,FALSE,,,,,
191,65 and up,Very,Very,TRUE,TRUE,,,,,
192,65 and up,Very,Very,TRUE,TRUE,,,,,
193,35 - 64,Somewhat,Somewhat,TRUE,TRUE,,,,,
194,35 - 64,Not Very,Somewhat,FALSE,TRUE,,,,,
195,65 and up,Very,Somewhat,TRUE,TRUE,,,,,
196,65 and up,Somewhat,Somewhat,TRUE,TRUE,,,,,
197,35 - 64,Somewhat,Somewhat,TRUE,TRUE,,,,,
198,35 - 64,Very,Somewhat,TRUE,TRUE,,,,,
199,35 - 64,Very,Very,TRUE,TRUE,,,,,
200,18 - 34,Not Very,Somewhat,FALSE,TRUE,,,,,
201,65 and up,Very,Very,TRUE,TRUE,,,,,
202,65 and up,Somewhat,Somewhat,TRUE,TRUE,,,,,
203,35 - 64,Somewhat,Not too,TRUE,FALSE,,,,,
204,65 and up,Somewhat,Not too,TRUE,FALSE,,,,,
205,35 - 64,Somewhat,Not at all,TRUE,FALSE,,,,,
206,65 and up,Somewhat,Somewhat,TRUE,TRUE,,,,,
207,35 - 64,Very,Somewhat,TRUE,TRUE,,,,,
208,35 - 64,Very,Not at all,TRUE,FALSE,,,,,
209,35 - 64,Somewhat,Not too,TRUE,FALSE,,,,,
210,65 and up,Very,Not too,TRUE,FALSE,,,,,
211,18 - 34,Somewhat,Not too,TRUE,FALSE,,,,,
212,65 and up,Somewhat,Not too,TRUE,FALSE,,,,,
213,18 - 34,Very,Very,TRUE,TRUE,,,,,
214,65 and up,Somewhat,Somewhat,TRUE,TRUE,,,,,
215,35 - 64,Not at all,Not at all,FALSE,FALSE,,,,,
216,65 and up,Somewhat,Not at all,TRUE,FALSE,,,,,
217,65 and up,Very,Somewhat,TRUE,TRUE,,,,,
218,35 - 64,Somewhat,Not too,TRUE,FALSE,,,,,
219,65 and up,Very,Somewhat,TRUE,TRUE,,,,,
220,35 - 64,Not Very,Not at all,FALSE,FALSE,,,,,
221,35 - 64,Very,Very,TRUE,TRUE,,,,,
222,65 and up,Very,Somewhat,TRUE,TRUE,,,,,
223,35 - 64,Somewhat,Somewhat,TRUE,TRUE,,,,,
224,65 and up,Somewhat,Somewhat,TRUE,TRUE,,,,,
225,65 and up,Somewhat,Somewhat,TRUE,TRUE,,,,,
226,18 - 34,Very,Somewhat,TRUE,TRUE,,,,,
227,35 - 64,Somewhat,Not too,TRUE,FALSE,,,,,
228,35 - 64,Somewhat,Somewhat,TRUE,TRUE,,,,,
229,35 - 64,Somewhat,Somewhat,TRUE,TRUE,,,,,
230,65 and up,Very,Somewhat,TRUE,TRUE,,,,,
231,18 - 34,Very,Very,TRUE,TRUE,,,,,
232,35 - 64,Somewhat,Not too,TRUE,FALSE,,,,,
233,65 and up,Very,Somewhat,TRUE,TRUE,,,,,
234,35 - 64,Very,Somewhat,TRUE,TRUE,,,,,
235,35 - 64,Somewhat,Somewhat,TRUE,TRUE,,,,,
236,65 and up,Very,Somewhat,TRUE,TRUE,,,,,
237,35 - 64,Somewhat,Not too,TRUE,FALSE,,,,,
238,35 - 64,Somewhat,Not too,TRUE,FALSE,,,,,
239,35 - 64,Very,Very,TRUE,TRUE,,,,,
240,35 - 64,Somewhat,Somewhat,TRUE,TRUE,,,,,
241,35 - 64,Very,Not too,TRUE,FALSE,,,,,
242,18 - 34,Very,Somewhat,TRUE,TRUE,,,,,
243,35 - 64,Somewhat,Not too,TRUE,FALSE,,,,,
244,18 - 34,Somewhat,Somewhat,TRUE,TRUE,,,,,
245,18 - 34,Somewhat,Somewhat,TRUE,TRUE,,,,,
246,65 and up,Somewhat,Not too,TRUE,FALSE,,,,,
247,65 and up,Very,Not too,TRUE,FALSE,,,,,
248,35 - 64,Somewhat,Very,TRUE,TRUE,,,,,
249,65 and up,Very,Very,TRUE,TRUE,,,,,
250,65 and up,Very,Very,TRUE,TRUE,,,,,
251,65 and up,Somewhat,Very,TRUE,TRUE,,,,,
252,18 - 34,Somewhat,Somewhat,TRUE,TRUE,,,,,
253,18 - 34,Very,Somewhat,TRUE,TRUE,,,,,
254,35 - 64,Somewhat,Somewhat,TRUE,TRUE,,,,,
255,35 - 64,Very,Not too,TRUE,FALSE,,,,,
256,65 and up,Very,Not too,TRUE,FALSE,,,,,
257,65 and up,Not Very,Not too,FALSE,FALSE,,,,,
258,35 - 64,Not Very,Not at all,FALSE,FALSE,,,,,
259,35 - 64,Somewhat,Not too,TRUE,FALSE,,,,,
260,35 - 64,Somewhat,Not too,TRUE,FALSE,,,,,
261,65 and up,Somewhat,Not too,TRUE,FALSE,,,,,
262,65 and up,Very,Very,TRUE,TRUE,,,,,
263,65 and up,Somewhat,Not too,TRUE,FALSE,,,,,
264,35 - 64,Very,Somewhat,TRUE,TRUE,,,,,
265,35 - 64,Very,Very,TRUE,TRUE,,,,,
266,35 - 64,Not Very,Not too,FALSE,FALSE,,,,,
267,65 and up,Not Very,Not too,FALSE,FALSE,,,,,
268,65 and up,Somewhat,Very,TRUE,TRUE,,,,,
269,65 and up,Somewhat,Somewhat,TRUE,TRUE,,,,,
270,65 and up,Somewhat,Somewhat,TRUE,TRUE,,,,,
271,65 and up,Somewhat,Very,TRUE,TRUE,,,,,
272,65 and up,Somewhat,Not too,TRUE,FALSE,,,,,
273,35 - 64,Somewhat,Somewhat,TRUE,TRUE,,,,,
274,35 - 64,Very,Somewhat,TRUE,TRUE,,,,,
275,35 - 64,Not Very,Not too,FALSE,FALSE,,,,,
276,65 and up,Very,Not too,TRUE,FALSE,,,,,
277,35 - 64,Very,Not too,TRUE,FALSE,,,,,
278,65 and up,Somewhat,Not too,TRUE,FALSE,,,,,
279,65 and up,Somewhat,Somewhat,TRUE,TRUE,,,,,
280,35 - 64,Somewhat,Somewhat,TRUE,TRUE,,,,,
281,18 - 34,Very,Not too,TRUE,FALSE,,,,,
282,65 and up,Very,Not at all,TRUE,FALSE,,,,,
283,35 - 64,Very,Not too,TRUE,FALSE,,,,,
284,35 - 64,Not Very,Somewhat,FALSE,TRUE,,,,,
285,35 - 64,Somewhat,Somewhat,TRUE,TRUE,,,,,
286,18 - 34,Somewhat,Very,TRUE,TRUE,,,,,
287,65 and up,Very,Somewhat,TRUE,TRUE,,,,,
288,35 - 64,Somewhat,Not too,TRUE,FALSE,,,,,
289,35 - 64,Somewhat,Very,TRUE,TRUE,,,,,
290,65 and up,Somewhat,Not too,TRUE,FALSE,,,,,
291,65 and up,Somewhat,Somewhat,TRUE,TRUE,,,,,
292,35 - 64,Not Very,Somewhat,FALSE,TRUE,,,,,
293,35 - 64,Somewhat,Somewhat,TRUE,TRUE,,,,,
294,35 - 64,Somewhat,Somewhat,TRUE,TRUE,,,,,
295,18 - 34,Very,Somewhat,TRUE,TRUE,,,,,
296,35 - 64,Very,Somewhat,TRUE,TRUE,,,,,
297,65 and up,Somewhat,Not at all,TRUE,FALSE,,,,,
298,35 - 64,Somewhat,Not too,TRUE,FALSE,,,,,
299,65 and up,Very,Very,TRUE,TRUE,,,,,
300,18 - 34,Very,Not at all,TRUE,FALSE,,,,,
301,18 - 34,Very,Very,TRUE,TRUE,,,,,
302,35 - 64,Very,Not too,TRUE,FALSE,,,,,
303,35 - 64,Not Very,Not too,FALSE,FALSE,,,,,
304,65 and up,Very,Very,TRUE,TRUE,,,,,
305,65 and up,Not Very,Not too,FALSE,FALSE,,,,,
306,65 and up,Very,Somewhat,TRUE,TRUE,,,,,
307,65 and up,Very,Not too,TRUE,FALSE,,,,,
308,65 and up,Somewhat,Somewhat,TRUE,TRUE,,,,,
309,35 - 64,Very,Not at all,TRUE,FALSE,,,,,
310,35 - 64,Somewhat,Not too,TRUE,FALSE,,,,,
311,65 and up,Very,Not at all,TRUE,FALSE,,,,,
312,35 - 64,Somewhat,Somewhat,TRUE,TRUE,,,,,
313,35 - 64,Very,Very,TRUE,TRUE,,,,,
314,65 and up,Somewhat,Somewhat,TRUE,TRUE,,,,,
315,65 and up,Somewhat,Not too,TRUE,FALSE,,,,,
316,65 and up,Somewhat,Somewhat,TRUE,TRUE,,,,,
317,35 - 64,Somewhat,Not too,TRUE,FALSE,,,,,
318,65 and up,Very,Not too,TRUE,FALSE,,,,,
319,18 - 34,Not at all,Not at all,FALSE,FALSE,,,,,
320,35 - 64,Somewhat,Somewhat,TRUE,TRUE,,,,,
321,35 - 64,Very,Somewhat,TRUE,TRUE,,,,,
322,65 and up,Somewhat,Not at all,TRUE,FALSE,,,,,
323,65 and up,Somewhat,Not at all,TRUE,FALSE,,,,,
324,35 - 64,Somewhat,Not too,TRUE,FALSE,,,,,
325,35 - 64,Somewhat,Somewhat,TRUE,TRUE,,,,,
326,35 - 64,Somewhat,Not too,TRUE,FALSE,,,,,
327,18 - 34,Somewhat,Not too,TRUE,FALSE,,,,,
328,65 and up,Somewhat,Somewhat,TRUE,TRUE,,,,,
329,35 - 64,Very,Somewhat,TRUE,TRUE,,,,,
330,65 and up,Somewhat,Not at all,TRUE,FALSE,,,,,
331,65 and up,Very,Somewhat,TRUE,TRUE,,,,,
332,35 - 64,Somewhat,Somewhat,TRUE,TRUE,,,,,
333,35 - 64,Somewhat,Somewhat,TRUE,TRUE,,,,,
334,35 - 64,Somewhat,Not too,TRUE,FALSE,,,,,
335,65 and up,Very,Very,TRUE,TRUE,,,,,
336,35 - 64,Very,Not at all,TRUE,FALSE,,,,,
337,65 and up,Not at all,Not at all,FALSE,FALSE,,,,,
338,35 - 64,Somewhat,Not too,TRUE,FALSE,,,,,
339,65 and up,Somewhat,Somewhat,TRUE,TRUE,,,,,
340,65 and up,Somewhat,Somewhat,TRUE,TRUE,,,,,
341,35 - 64,Not Very,Somewhat,FALSE,TRUE,,,,,
342,65 and up,Somewhat,Not too,TRUE,FALSE,,,,,
343,65 and up,Somewhat,Not too,TRUE,FALSE,,,,,
344,65 and up,Not Very,Not at all,FALSE,FALSE,,,,,
345,65 and up,Somewhat,Somewhat,TRUE,TRUE,,,,,
346,65 and up,Very,Somewhat,TRUE,TRUE,,,,,
347,35 - 64,Very,Somewhat,TRUE,TRUE,,,,,
348,65 and up,Very,Very,TRUE,TRUE,,,,,
349,35 - 64,Very,Not at all,TRUE,FALSE,,,,,
350,65 and up,Very,Very,TRUE,TRUE,,,,,
351,65 and up,Very,Not at all,TRUE,FALSE,,,,,
352,65 and up,Somewhat,Somewhat,TRUE,TRUE,,,,,
353,65 and up,Very,Somewhat,TRUE,TRUE,,,,,
354,65 and up,Not at all,Not at all,FALSE,FALSE,,,,,
355,35 - 64,Somewhat,Somewhat,TRUE,TRUE,,,,,
356,65 and up,Very,Somewhat,TRUE,TRUE,,,,,
357,35 - 64,Somewhat,Somewhat,TRUE,TRUE,,,,,
358,65 and up,Somewhat,Somewhat,TRUE,TRUE,,,,,
359,35 - 64,Very,Somewhat,TRUE,TRUE,,,,,
360,65 and up,Somewhat,Not too,TRUE,FALSE,,,,,
361,65 and up,Somewhat,Somewhat,TRUE,TRUE,,,,,
362,35 - 64,Somewhat,Somewhat,TRUE,TRUE,,,,,
363,35 - 64,Very,Very,TRUE,TRUE,,,,,
364,35 - 64,Somewhat,Not too,TRUE,FALSE,,,,,
365,65 and up,Somewhat,Not too,TRUE,FALSE,,,,,
366,65 and up,Not Very,Not at all,FALSE,FALSE,,,,,
367,18 - 34,Very,Very,TRUE,TRUE,,,,,
368,35 - 64,Very,Very,TRUE,TRUE,,,,,
369,18 - 34,Very,Very,TRUE,TRUE,,,,,
370,65 and up,Somewhat,Somewhat,TRUE,TRUE,,,,,
371,35 - 64,Somewhat,Not too,TRUE,FALSE,,,,,
372,65 and up,Somewhat,Somewhat,TRUE,TRUE,,,,,
373,35 - 64,Somewhat,Very,TRUE,TRUE,,,,,
374,35 - 64,Somewhat,Somewhat,TRUE,TRUE,,,,,
375,65 and up,Somewhat,Not at all,TRUE,FALSE,,,,,
376,65 and up,Very,Not at all,TRUE,FALSE,,,,,
377,35 - 64,Somewhat,Not too,TRUE,FALSE,,,,,
378,18 - 34,Somewhat,Somewhat,TRUE,TRUE,,,,,
379,65 and up,No answer,Somewhat,FALSE,TRUE,,,,,
380,65 and up,Not Very,Somewhat,FALSE,TRUE,,,,,
381,35 - 64,Somewhat,Not too,TRUE,FALSE,,,,,
382,35 - 64,Very,Somewhat,TRUE,TRUE,,,,,
383,65 and up,Very,Not too,TRUE,FALSE,,,,,
384,65 and up,Somewhat,Somewhat,TRUE,TRUE,,,,,
385,65 and up,Somewhat,Somewhat,TRUE,TRUE,,,,,
386,35 - 64,Very,Very,TRUE,TRUE,,,,,
387,65 and up,Very,Not too,TRUE,FALSE,,,,,
388,35 - 64,Somewhat,Not at all,TRUE,FALSE,,,,,
389,18 - 34,Very,Not too,TRUE,FALSE,,,,,
390,35 - 64,Very,Not too,TRUE,FALSE,,,,,
391,35 - 64,Very,Not too,TRUE,FALSE,,,,,
392,35 - 64,Not Very,Not too,FALSE,FALSE,,,,,
393,65 and up,Very,Very,TRUE,TRUE,,,,,
394,18 - 34,Somewhat,Somewhat,TRUE,TRUE,,,,,
395,18 - 34,Not Very,Somewhat,FALSE,TRUE,,,,,
396,35 - 64,Somewhat,Somewhat,TRUE,TRUE,,,,,
397,35 - 64,Somewhat,Somewhat,TRUE,TRUE,,,,,
398,65 and up,Somewhat,Somewhat,TRUE,TRUE,,,,,
399,35 - 64,Somewhat,Very,TRUE,TRUE,,,,,
400,35 - 64,Somewhat,Not at all,TRUE,FALSE,,,,,
401,65 and up,Somewhat,Not too,TRUE,FALSE,,,,,
402,65 and up,Somewhat,Not too,TRUE,FALSE,,,,,
403,65 and up,Very,Somewhat,TRUE,TRUE,,,,,
404,65 and up,Somewhat,Not too,TRUE,FALSE,,,,,
405,35 - 64,Somewhat,Somewhat,TRUE,TRUE,,,,,
406,18 - 34,Very,Not too,TRUE,FALSE,,,,,
407,18 - 34,Somewhat,Not too,TRUE,FALSE,,,,,
408,65 and up,Very,Somewhat,TRUE,TRUE,,,,,
409,35 - 64,Somewhat,Somewhat,TRUE,TRUE,,,,,
410,65 and up,Somewhat,Not too,TRUE,FALSE,,,,,
411,65 and up,Very,Somewhat,TRUE,TRUE,,,,,
412,65 and up,Somewhat,Somewhat,TRUE,TRUE,,,,,
413,65 and up,Very,Not at all,TRUE,FALSE,,,,,
414,35 - 64,Somewhat,Very,TRUE,TRUE,,,,,
415,35 - 64,Somewhat,Not too,TRUE,FALSE,,,,,
416,35 - 64,Very,Not at all,TRUE,FALSE,,,,,
417,65 and up,Very,Not at all,TRUE,FALSE,,,,,
418,35 - 64,Somewhat,Not too,TRUE,FALSE,,,,,
419,65 and up,Very,Not at all,TRUE,FALSE,,,,,
420,35 - 64,Very,Very,TRUE,TRUE,,,,,
421,65 and up,Somewhat,Not too,TRUE,FALSE,,,,,
422,65 and up,Somewhat,Not too,TRUE,FALSE,,,,,
423,35 - 64,Somewhat,Somewhat,TRUE,TRUE,,,,,
424,35 - 64,Somewhat,Somewhat,TRUE,TRUE,,,,,
425,65 and up,Not Very,Not at all,FALSE,FALSE,,,,,
426,65 and up,Somewhat,Somewhat,TRUE,TRUE,,,,,
427,65 and up,Not Very,Not too,FALSE,FALSE,,,,,
428,65 and up,Somewhat,Very,TRUE,TRUE,,,,,
429,35 - 64,Very,Not too,TRUE,FALSE,,,,,
430,35 - 64,Somewhat,Somewhat,TRUE,TRUE,,,,,
431,35 - 64,Very,Not too,TRUE,FALSE,,,,,
432,65 and up,Somewhat,Not too,TRUE,FALSE,,,,,
433,65 and up,Very,Very,TRUE,TRUE,,,,,
434,18 - 34,Somewhat,Somewhat,TRUE,TRUE,,,,,
435,65 and up,Somewhat,Somewhat,TRUE,TRUE,,,,,
436,65 and up,Somewhat,Somewhat,TRUE,TRUE,,,,,
437,18 - 34,Very,Not too,TRUE,FALSE,,,,,
438,35 - 64,Somewhat,Somewhat,TRUE,TRUE,,,,,
439,65 and up,Somewhat,Somewhat,TRUE,TRUE,,,,,
440,65 and up,Somewhat,Not too,TRUE,FALSE,,,,,
441,35 - 64,Very,Somewhat,TRUE,TRUE,,,,,
442,35 - 64,Very,Somewhat,TRUE,TRUE,,,,,
443,35 - 64,Very,Not too,TRUE,FALSE,,,,,
444,35 - 64,Somewhat,Somewhat,TRUE,TRUE,,,,,
445,65 and up,Very,Not too,TRUE,FALSE,,,,,
446,35 - 64,Somewhat,Somewhat,TRUE,TRUE,,,,,
447,65 and up,Very,Not too,TRUE,FALSE,,,,,
448,65 and up,Very,Somewhat,TRUE,TRUE,,,,,
449,35 - 64,Somewhat,Somewhat,TRUE,TRUE,,,,,
450,35 - 64,Somewhat,Somewhat,TRUE,TRUE,,,,,
451,35 - 64,Somewhat,Somewhat,TRUE,TRUE,,,,,
452,35 - 64,Somewhat,Not too,TRUE,FALSE,,,,,
453,65 and up,Somewhat,Not at all,TRUE,FALSE,,,,,
454,65 and up,Somewhat,Somewhat,TRUE,TRUE,,,,,
455,35 - 64,Not Very,Not too,FALSE,FALSE,,,,,
456,65 and up,Somewhat,Somewhat,TRUE,TRUE,,,,,
457,35 - 64,Somewhat,Not at all,TRUE,FALSE,,,,,
458,65 and up,Very,Very,TRUE,TRUE,,,,,
459,18 - 34,Somewhat,Very,TRUE,TRUE,,,,,
460,35 - 64,Somewhat,Not too,TRUE,FALSE,,,,,
461,35 - 64,Somewhat,Somewhat,TRUE,TRUE,,,,,
462,65 and up,Somewhat,Not at all,TRUE,FALSE,,,,,
463,35 - 64,Somewhat,Somewhat,TRUE,TRUE,,,,,
464,35 - 64,Somewhat,Somewhat,TRUE,TRUE,,,,,
465,35 - 64,Somewhat,Very,TRUE,TRUE,,,,,
466,35 - 64,Somewhat,Very,TRUE,TRUE,,,,,
467,35 - 64,Very,Not too,TRUE,FALSE,,,,,
468,65 and up,Very,Not too,TRUE,FALSE,,,,,
469,35 - 64,Somewhat,Not too,TRUE,FALSE,,,,,
470,35 - 64,Very,Not at all,TRUE,FALSE,,,,,
471,35 - 64,Very,Very,TRUE,TRUE,,,,,
472,65 and up,Very,Not at all,TRUE,FALSE,,,,,
473,35 - 64,Not Very,Not too,FALSE,FALSE,,,,,
474,35 - 64,Somewhat,Somewhat,TRUE,TRUE,,,,,
475,35 - 64,Somewhat,Somewhat,TRUE,TRUE,,,,,
476,65 and up,Very,Not too,TRUE,FALSE,,,,,
477,65 and up,Very,Not too,TRUE,FALSE,,,,,
478,65 and up,Somewhat,Somewhat,TRUE,TRUE,,,,,
479,65 and up,Somewhat,Somewhat,TRUE,TRUE,,,,,
480,65 and up,Somewhat,Not too,TRUE,FALSE,,,,,
481,65 and up,Very,Not too,TRUE,FALSE,,,,,
482,35 - 64,Very,Somewhat,TRUE,TRUE,,,,,
483,35 - 64,Very,Somewhat,TRUE,TRUE,,,,,
484,65 and up,Somewhat,Not too,TRUE,FALSE,,,,,
485,65 and up,Somewhat,Not too,TRUE,FALSE,,,,,
486,65 and up,Very,Very,TRUE,TRUE,,,,,
487,35 - 64,Very,Somewhat,TRUE,TRUE,,,,,
488,65 and up,Very,Somewhat,TRUE,TRUE,,,,,
489,65 and up,Very,Very,TRUE,TRUE,,,,,
490,35 - 64,Somewhat,Very,TRUE,TRUE,,,,,
491,35 - 64,Somewhat,Not too,TRUE,FALSE,,,,,
492,65 and up,Not Very,Not too,FALSE,FALSE,,,,,
493,65 and up,Somewhat,Not too,TRUE,FALSE,,,,,
494,35 - 64,Very,Somewhat,TRUE,TRUE,,,,,
495,35 - 64,Very,Somewhat,TRUE,TRUE,,,,,
496,65 and up,Very,Somewhat,TRUE,TRUE,,,,,
497,65 and up,Very,Not at all,TRUE,FALSE,,,,,
498,65 and up,Somewhat,Not too,TRUE,FALSE,,,,,
499,65 and up,Somewhat,Somewhat,TRUE,TRUE,,,,,
500,35 - 64,Not Very,Very,FALSE,TRUE,,,,,
501,35 - 64,Somewhat,Somewhat,TRUE,TRUE,,,,,
502,65 and up,Very,Somewhat,TRUE,TRUE,,,,,
503,35 - 64,Somewhat,Somewhat,TRUE,TRUE,,,,,
504,65 and up,Somewhat,Not too,TRUE,FALSE,,,,,
505,65 and up,Very,Very,TRUE,TRUE,,,,,
506,35 - 64,Somewhat,Not too,TRUE,FALSE,,,,,
507,35 - 64,Very,Very,TRUE,TRUE,,,,,
508,65 and up,Not Very,Not at all,FALSE,FALSE,,,,,
509,65 and up,Very,Somewhat,TRUE,TRUE,,,,,
510,65 and up,Somewhat,Not too,TRUE,FALSE,,,,,
511,65 and up,Not Very,Not too,FALSE,FALSE,,,,,
512,35 - 64,Somewhat,Somewhat,TRUE,TRUE,,,,,
513,65 and up,Not Very,Not at all,FALSE,FALSE,,,,,
514,65 and up,Somewhat,Not too,TRUE,FALSE,,,,,
515,35 - 64,Very,Not at all,TRUE,FALSE,,,,,
516,35 - 64,Somewhat,Somewhat,TRUE,TRUE,,,,,
517,65 and up,Somewhat,Somewhat,TRUE,TRUE,,,,,
518,65 and up,Very,Very,TRUE,TRUE,,,,,
519,65 and up,Somewhat,Not too,TRUE,FALSE,,,,,
520,35 - 64,Very,Not too,TRUE,FALSE,,,,,
521,65 and up,Somewhat,Not at all,TRUE,FALSE,,,,,
522,35 - 64,Very,Somewhat,TRUE,TRUE,,,,,
523,65 and up,Somewhat,Somewhat,TRUE,TRUE,,,,,
524,65 and up,Very,Somewhat,TRUE,TRUE,,,,,
525,65 and up,Very,Very,TRUE,TRUE,,,,,
526,65 and up,Somewhat,Not too,TRUE,FALSE,,,,,
527,65 and up,Very,Not too,TRUE,FALSE,,,,,
528,65 and up,Somewhat,Not at all,TRUE,FALSE,,,,,
529,65 and up,Somewhat,Not too,TRUE,FALSE,,,,,
530,65 and up,Somewhat,Not too,TRUE,FALSE,,,,,
531,65 and up,No answer,Not at all,FALSE,FALSE,,,,,
532,35 - 64,Very,Very,TRUE,TRUE,,,,,
533,35 - 64,Very,Not at all,TRUE,FALSE,,,,,
534,18 - 34,Very,Very,TRUE,TRUE,,,,,
535,65 and up,Very,Not too,TRUE,FALSE,,,,,
536,65 and up,Very,Very,TRUE,TRUE,,,,,
537,65 and up,Somewhat,Not too,TRUE,FALSE,,,,,
538,35 - 64,Somewhat,Not too,TRUE,FALSE,,,,,
539,65 and up,Somewhat,Somewhat,TRUE,TRUE,,,,,
540,65 and up,Very,Somewhat,TRUE,TRUE,,,,,
541,65 and up,Somewhat,Somewhat,TRUE,TRUE,,,,,
542,35 - 64,Somewhat,Not too,TRUE,FALSE,,,,,
543,65 and up,Very,Somewhat,TRUE,TRUE,,,,,
544,65 and up,Very,Somewhat,TRUE,TRUE,,,,,
545,65 and up,Somewhat,Not too,TRUE,FALSE,,,,,
546,65 and up,Very,Not too,TRUE,FALSE,,,,,
547,65 and up,Not Very,Not too,FALSE,FALSE,,,,,
548,65 and up,Somewhat,Not too,TRUE,FALSE,,,,,
549,65 and up,Very,Not at all,TRUE,FALSE,,,,,
550,65 and up,Somewhat,Not too,TRUE,FALSE,,,,,
551,65 and up,Very,Not too,TRUE,FALSE,,,,,
552,35 - 64,Somewhat,Somewhat,TRUE,TRUE,,,,,
553,65 and up,Somewhat,Somewhat,TRUE,TRUE,,,,,
554,65 and up,Somewhat,Not too,TRUE,FALSE,,,,,
555,65 and up,Somewhat,Not too,TRUE,FALSE,,,,,
556,65 and up,Not Very,Not too,FALSE,FALSE,,,,,
557,65 and up,Very,Somewhat,TRUE,TRUE,,,,,
558,35 - 64,Very,Somewhat,TRUE,TRUE,,,,,
559,65 and up,Somewhat,Somewhat,TRUE,TRUE,,,,,
560,35 - 64,Somewhat,Somewhat,TRUE,TRUE,,,,,
561,65 and up,Somewhat,Not too,TRUE,FALSE,,,,,
562,65 and up,Somewhat,Not too,TRUE,FALSE,,,,,
563,35 - 64,Very,Somewhat,TRUE,TRUE,,,,,
564,35 - 64,Very,Somewhat,TRUE,TRUE,,,,,
565,35 - 64,Somewhat,Not too,TRUE,FALSE,,,,,
566,35 - 64,Somewhat,Not too,TRUE,FALSE,,,,,
567,35 - 64,Somewhat,Somewhat,TRUE,TRUE,,,,,
568,65 and up,Somewhat,Somewhat,TRUE,TRUE,,,,,
569,35 - 64,Not Very,Not too,FALSE,FALSE,,,,,
570,65 and up,Very,Very,TRUE,TRUE,,,,,
571,65 and up,Somewhat,Not too,TRUE,FALSE,,,,,
572,35 - 64,Very,Not at all,TRUE,FALSE,,,,,
573,35 - 64,Very,Very,TRUE,TRUE,,,,,
574,35 - 64,Somewhat,Not too,TRUE,FALSE,,,,,
575,35 - 64,Very,Not too,TRUE,FALSE,,,,,
576,65 and up,Very,Very,TRUE,TRUE,,,,,
577,35 - 64,Very,Not at all,TRUE,FALSE,,,,,
578,65 and up,Somewhat,Not at all,TRUE,FALSE,,,,,
579,65 and up,Somewhat,Somewhat,TRUE,TRUE,,,,,
580,65 and up,Very,Somewhat,TRUE,TRUE,,,,,
581,65 and up,Somewhat,Not too,TRUE,FALSE,,,,,
582,65 and up,Very,Very,TRUE,TRUE,,,,,
583,65 and up,Very,Somewhat,TRUE,TRUE,,,,,
584,35 - 64,Not Very,Not at all,FALSE,FALSE,,,,,
585,65 and up,Very,Somewhat,TRUE,TRUE,,,,,
586,35 - 64,No answer,Not at all,FALSE,FALSE,,,,,
587,35 - 64,Somewhat,Somewhat,TRUE,TRUE,,,,,
588,35 - 64,Somewhat,Somewhat,TRUE,TRUE,,,,,
589,65 and up,Somewhat,Not too,TRUE,FALSE,,,,,
590,65 and up,Somewhat,Not too,TRUE,FALSE,,,,,
591,18 - 34,Somewhat,Not at all,TRUE,FALSE,,,,,
592,35 - 64,Not at all,Very,FALSE,TRUE,,,,,
593,65 and up,Very,Somewhat,TRUE,TRUE,,,,,
594,65 and up,Very,Not too,TRUE,FALSE,,,,,
595,65 and up,Somewhat,Not at all,TRUE,FALSE,,,,,
596,65 and up,Somewhat,Not at all,TRUE,FALSE,,,,,
597,65 and up,Very,Not at all,TRUE,FALSE,,,,,
598,65 and up,Somewhat,Somewhat,TRUE,TRUE,,,,,
599,35 - 64,Somewhat,Somewhat,TRUE,TRUE,,,,,
600,65 and up,Very,Not too,TRUE,FALSE,,,,,
601,65 and up,Somewhat,Not at all,TRUE,FALSE,,,,,
602,35 - 64,Somewhat,Not at all,TRUE,FALSE,,,,,
603,65 and up,Very,Somewhat,TRUE,TRUE,,,,,
604,35 - 64,Somewhat,Somewhat,TRUE,TRUE,,,,,
605,65 and up,Somewhat,Somewhat,TRUE,TRUE,,,,,
606,65 and up,Somewhat,Not too,TRUE,FALSE,,,,,
607,65 and up,Somewhat,Not too,TRUE,FALSE,,,,,
608,65 and up,Somewhat,Somewhat,TRUE,TRUE,,,,,
609,65 and up,Somewhat,Somewhat,TRUE,TRUE,,,,,
610,35 - 64,Very,Somewhat,TRUE,TRUE,,,,,
611,65 and up,Very,Very,TRUE,TRUE,,,,,
612,65 and up,Somewhat,Not too,TRUE,FALSE,,,,,
613,65 and up,Somewhat,Somewhat,TRUE,TRUE,,,,,
614,35 - 64,Very,Very,TRUE,TRUE,,,,,
615,18 - 34,Not at all,Not at all,FALSE,FALSE,,,,,
616,35 - 64,Somewhat,No answer,TRUE,FALSE,,,,,
617,65 and up,Somewhat,Somewhat,TRUE,TRUE,,,,,
618,65 and up,Very,Somewhat,TRUE,TRUE,,,,,
619,65 and up,Somewhat,Not at all,TRUE,FALSE,,,,,
620,65 and up,Somewhat,Somewhat,TRUE,TRUE,,,,,
621,65 and up,Somewhat,Not too,TRUE,FALSE,,,,,
622,65 and up,Somewhat,Somewhat,TRUE,TRUE,,,,,
623,35 - 64,Somewhat,Somewhat,TRUE,TRUE,,,,,
624,65 and up,Very,Not at all,TRUE,FALSE,,,,,
625,65 and up,Very,Not too,TRUE,FALSE,,,,,
626,65 and up,Somewhat,Somewhat,TRUE,TRUE,,,,,
627,35 - 64,Somewhat,Not too,TRUE,FALSE,,,,,
628,65 and up,Not Very,Not too,FALSE,FALSE,,,,,
629,65 and up,Very,Somewhat,TRUE,TRUE,,,,,
630,65 and up,Somewhat,Not too,TRUE,FALSE,,,,,
631,65 and up,Somewhat,Somewhat,TRUE,TRUE,,,,,
632,65 and up,Somewhat,Not at all,TRUE,FALSE,,,,,
633,35 - 64,Very,Somewhat,TRUE,TRUE,,,,,
634,35 - 64,Very,Very,TRUE,TRUE,,,,,
635,65 and up,Somewhat,Somewhat,TRUE,TRUE,,,,,
636,65 and up,Very,Somewhat,TRUE,TRUE,,,,,
637,65 and up,Very,Not at all,TRUE,FALSE,,,,,
638,35 - 64,Somewhat,Not at all,TRUE,FALSE,,,,,
639,35 - 64,Somewhat,Not too,TRUE,FALSE,,,,,
640,65 and up,Somewhat,Not too,TRUE,FALSE,,,,,
641,65 and up,Very,Not too,TRUE,FALSE,,,,,
642,65 and up,Very,Very,TRUE,TRUE,,,,,
643,65 and up,Somewhat,Not too,TRUE,FALSE,,,,,
644,35 - 64,Very,Somewhat,TRUE,TRUE,,,,,
645,35 - 64,Somewhat,Somewhat,TRUE,TRUE,,,,,
646,35 - 64,Very,Very,TRUE,TRUE,,,,,
647,65 and up,Somewhat,Not too,TRUE,FALSE,,,,,
648,35 - 64,Very,Somewhat,TRUE,TRUE,,,,,
649,65 and up,Somewhat,Very,TRUE,TRUE,,,,,
650,65 and up,Very,Somewhat,TRUE,TRUE,,,,,
651,35 - 64,Very,Not too,TRUE,FALSE,,,,,
652,35 - 64,Somewhat,Not too,TRUE,FALSE,,,,,
653,65 and up,Somewhat,Not at all,TRUE,FALSE,,,,,
654,35 - 64,Very,Somewhat,TRUE,TRUE,,,,,
655,65 and up,Very,Somewhat,TRUE,TRUE,,,,,
656,65 and up,Not at all,Not at all,FALSE,FALSE,,,,,
657,65 and up,Somewhat,Somewhat,TRUE,TRUE,,,,,
658,35 - 64,Not Very,Somewhat,FALSE,TRUE,,,,,
659,35 - 64,Somewhat,Very,TRUE,TRUE,,,,,
660,65 and up,Not at all,Not at all,FALSE,FALSE,,,,,
661,65 and up,Very,Very,TRUE,TRUE,,,,,
662,35 - 64,Somewhat,Not too,TRUE,FALSE,,,,,
663,35 - 64,Very,Somewhat,TRUE,TRUE,,,,,
664,35 - 64,Somewhat,Somewhat,TRUE,TRUE,,,,,
665,35 - 64,Somewhat,Not at all,TRUE,FALSE,,,,,
666,65 and up,Very,Very,TRUE,TRUE,,,,,
667,35 - 64,Very,Somewhat,TRUE,TRUE,,,,,
668,35 - 64,Very,Not too,TRUE,FALSE,,,,,
669,65 and up,Very,Not at all,TRUE,FALSE,,,,,
670,35 - 64,Very,Somewhat,TRUE,TRUE,,,,,
671,35 - 64,Somewhat,Somewhat,TRUE,TRUE,,,,,
672,65 and up,Not Very,Not at all,FALSE,FALSE,,,,,
673,35 - 64,Very,Not at all,TRUE,FALSE,,,,,
674,65 and up,Somewhat,Not too,TRUE,FALSE,,,,,
675,35 - 64,Very,Somewhat,TRUE,TRUE,,,,,
676,65 and up,Very,Very,TRUE,TRUE,,,,,
677,35 - 64,Somewhat,Not too,TRUE,FALSE,,,,,
678,35 - 64,Somewhat,Somewhat,TRUE,TRUE,,,,,
679,35 - 64,Somewhat,Not too,TRUE,FALSE,,,,,
680,35 - 64,Somewhat,Somewhat,TRUE,TRUE,,,,,
681,65 and up,Somewhat,Not too,TRUE,FALSE,,,,,
682,35 - 64,Very,Somewhat,TRUE,TRUE,,,,,
683,35 - 64,Not Very,Not at all,FALSE,FALSE,,,,,
684,35 - 64,Somewhat,Not at all,TRUE,FALSE,,,,,
685,65 and up,Not Very,Not too,FALSE,FALSE,,,,,
686,65 and up,Somewhat,Not too,TRUE,FALSE,,,,,
687,35 - 64,Somewhat,Not too,TRUE,FALSE,,,,,
688,35 - 64,Very,Very,TRUE,TRUE,,,,,
689,35 - 64,Somewhat,Very,TRUE,TRUE,,,,,
690,35 - 64,Somewhat,Not too,TRUE,FALSE,,,,,
691,65 and up,Somewhat,Not too,TRUE,FALSE,,,,,
692,35 - 64,Very,Not at all,TRUE,FALSE,,,,,
693,65 and up,Very,Not too,TRUE,FALSE,,,,,
694,65 and up,Somewhat,Somewhat,TRUE,TRUE,,,,,
695,65 and up,Not Very,Not too,FALSE,FALSE,,,,,
696,65 and up,Somewhat,Not too,TRUE,FALSE,,,,,
697,65 and up,Very,Not at all,TRUE,FALSE,,,,,
698,35 - 64,Very,Not too,TRUE,FALSE,,,,,
699,35 - 64,Somewhat,Somewhat,TRUE,TRUE,,,,,
700,65 and up,Somewhat,Somewhat,TRUE,TRUE,,,,,
701,65 and up,Somewhat,Very,TRUE,TRUE,,,,,
702,35 - 64,Very,Not at all,TRUE,FALSE,,,,,
703,35 - 64,Somewhat,Not too,TRUE,FALSE,,,,,
704,65 and up,Somewhat,Somewhat,TRUE,TRUE,,,,,
705,35 - 64,Somewhat,Not too,TRUE,FALSE,,,,,
706,35 - 64,Not Very,Not too,FALSE,FALSE,,,,,
707,35 - 64,Somewhat,Somewhat,TRUE,TRUE,,,,,
708,35 - 64,Somewhat,Not too,TRUE,FALSE,,,,,
709,18 - 34,Very,Not at all,TRUE,FALSE,,,,,
710,65 and up,Somewhat,Not too,TRUE,FALSE,,,,,
711,65 and up,Somewhat,Somewhat,TRUE,TRUE,,,,,
712,65 and up,Not at all,Not at all,FALSE,FALSE,,,,,
713,65 and up,Somewhat,Not at all,TRUE,FALSE,,,,,
714,35 - 64,Somewhat,Not too,TRUE,FALSE,,,,,
715,18 - 34,Very,Somewhat,TRUE,TRUE,,,,,
716,35 - 64,Somewhat,Very,TRUE,TRUE,,,,,
717,65 and up,Very,Somewhat,TRUE,TRUE,,,,,
718,35 - 64,Somewhat,Not too,TRUE,FALSE,,,,,
719,35 - 64,Very,Somewhat,TRUE,TRUE,,,,,
720,65 and up,Somewhat,Not too,TRUE,FALSE,,,,,
721,65 and up,Somewhat,Not too,TRUE,FALSE,,,,,
722,35 - 64,Somewhat,Somewhat,TRUE,TRUE,,,,,
723,35 - 64,Somewhat,Very,TRUE,TRUE,,,,,
724,35 - 64,Somewhat,Very,TRUE,TRUE,,,,,
725,35 - 64,Very,Somewhat,TRUE,TRUE,,,,,
726,65 and up,Very,Very,TRUE,TRUE,,,,,
727,35 - 64,Somewhat,Somewhat,TRUE,TRUE,,,,,
728,35 - 64,Somewhat,Somewhat,TRUE,TRUE,,,,,
729,65 and up,Very,Not too,TRUE,FALSE,,,,,
730,65 and up,Somewhat,Not too,TRUE,FALSE,,,,,
731,35 - 64,Very,Very,TRUE,TRUE,,,,,
732,35 - 64,Very,Somewhat,TRUE,TRUE,,,,,
733,65 and up,Somewhat,Somewhat,TRUE,TRUE,,,,,
734,65 and up,Somewhat,Somewhat,TRUE,TRUE,,,,,
735,65 and up,Somewhat,Somewhat,TRUE,TRUE,,,,,
736,35 - 64,Somewhat,Somewhat,TRUE,TRUE,,,,,
737,35 - 64,Very,Not too,TRUE,FALSE,,,,,
738,65 and up,Somewhat,Somewhat,TRUE,TRUE,,,,,
739,35 - 64,Very,Not too,TRUE,FALSE,,,,,
740,65 and up,Somewhat,Not at all,TRUE,FALSE,,,,,
741,35 - 64,Somewhat,Very,TRUE,TRUE,,,,,
742,65 and up,Very,Somewhat,TRUE,TRUE,,,,,
743,35 - 64,Somewhat,Somewhat,TRUE,TRUE,,,,,
744,35 - 64,No answer,No answer,FALSE,FALSE,,,,,
745,65 and up,Somewhat,Very,TRUE,TRUE,,,,,
746,35 - 64,Somewhat,Not too,TRUE,FALSE,,,,,
747,65 and up,Very,Not too,TRUE,FALSE,,,,,
748,65 and up,Somewhat,Not too,TRUE,FALSE,,,,,
749,65 and up,Somewhat,Not at all,TRUE,FALSE,,,,,
750,65 and up,Very,Not too,TRUE,FALSE,,,,,
751,35 - 64,Somewhat,Not at all,TRUE,FALSE,,,,,
752,35 - 64,Somewhat,Not too,TRUE,FALSE,,,,,
753,35 - 64,Very,Not too,TRUE,FALSE,,,,,
754,65 and up,Very,Very,TRUE,TRUE,,,,,
755,65 and up,Somewhat,Somewhat,TRUE,TRUE,,,,,
756,35 - 64,Very,Very,TRUE,TRUE,,,,,
757,65 and up,Somewhat,Not too,TRUE,FALSE,,,,,
758,35 - 64,Very,Very,TRUE,TRUE,,,,,
759,65 and up,Very,Not too,TRUE,FALSE,,,,,
760,35 - 64,Very,Not too,TRUE,FALSE,,,,,
761,65 and up,Somewhat,Somewhat,TRUE,TRUE,,,,,
762,65 and up,Somewhat,Somewhat,TRUE,TRUE,,,,,
763,35 - 64,Somewhat,Somewhat,TRUE,TRUE,,,,,
764,35 - 64,Somewhat,Somewhat,TRUE,TRUE,,,,,
765,65 and up,Somewhat,Not too,TRUE,FALSE,,,,,
766,65 and up,Somewhat,Not too,TRUE,FALSE,,,,,
767,65 and up,Very,Not too,TRUE,FALSE,,,,,
768,65 and up,Very,Somewhat,TRUE,TRUE,,,,,
769,35 - 64,No answer,Not at all,FALSE,FALSE,,,,,
770,65 and up,Very,Not too,TRUE,FALSE,,,,,
771,35 - 64,Very,Somewhat,TRUE,TRUE,,,,,
772,65 and up,Not Very,Not too,FALSE,FALSE,,,,,
773,35 - 64,Not Very,Not too,FALSE,FALSE,,,,,
774,65 and up,Very,Somewhat,TRUE,TRUE,,,,,
775,35 - 64,Very,Very,TRUE,TRUE,,,,,
776,65 and up,Somewhat,Not too,TRUE,FALSE,,,,,
777,65 and up,Very,Not too,TRUE,FALSE,,,,,
778,35 - 64,Somewhat,Somewhat,TRUE,TRUE,,,,,
779,35 - 64,Somewhat,Somewhat,TRUE,TRUE,,,,,
780,35 - 64,Somewhat,Not too,TRUE,FALSE,,,,,
781,35 - 64,Very,Somewhat,TRUE,TRUE,,,,,
782,35 - 64,Very,Not too,TRUE,FALSE,,,,,
783,65 and up,Very,Somewhat,TRUE,TRUE,,,,,
784,65 and up,Very,Somewhat,TRUE,TRUE,,,,,
785,35 - 64,Somewhat,Not too,TRUE,FALSE,,,,,
786,65 and up,Somewhat,Somewhat,TRUE,TRUE,,,,,
787,35 - 64,Very,Somewhat,TRUE,TRUE,,,,,
788,65 and up,Somewhat,Not too,TRUE,FALSE,,,,,
789,65 and up,Very,Not too,TRUE,FALSE,,,,,
790,65 and up,Somewhat,Somewhat,TRUE,TRUE,,,,,
791,65 and up,Very,Somewhat,TRUE,TRUE,,,,,
792,65 and up,Somewhat,Not too,TRUE,FALSE,,,,,
793,35 - 64,Somewhat,Very,TRUE,TRUE,,,,,
794,65 and up,Somewhat,Somewhat,TRUE,TRUE,,,,,
795,65 and up,Very,Very,TRUE,TRUE,,,,,
796,35 - 64,Very,Not too,TRUE,FALSE,,,,,
797,35 - 64,Somewhat,Not too,TRUE,FALSE,,,,,
798,65 and up,Very,Somewhat,TRUE,TRUE,,,,,
799,65 and up,Somewhat,Somewhat,TRUE,TRUE,,,,,
800,65 and up,Not Very,Not too,FALSE,FALSE,,,,,
801,65 and up,Very,Not too,TRUE,FALSE,,,,,
802,65 and up,Somewhat,Somewhat,TRUE,TRUE,,,,,
803,35 - 64,Not at all,Not at all,FALSE,FALSE,,,,,
804,65 and up,Somewhat,Somewhat,TRUE,TRUE,,,,,
805,35 - 64,Very,Somewhat,TRUE,TRUE,,,,,
806,35 - 64,Very,Very,TRUE,TRUE,,,,,
807,35 - 64,Very,Very,TRUE,TRUE,,,,,
808,65 and up,Very,Somewhat,TRUE,TRUE,,,,,
809,35 - 64,Very,Not too,TRUE,FALSE,,,,,
810,65 and up,Very,Not too,TRUE,FALSE,,,,,
811,65 and up,Very,Somewhat,TRUE,TRUE,,,,,
812,35 - 64,Very,Very,TRUE,TRUE,,,,,
813,35 - 64,Somewhat,Not too,TRUE,FALSE,,,,,
814,65 and up,Somewhat,Somewhat,TRUE,TRUE,,,,,
815,35 - 64,Somewhat,Not too,TRUE,FALSE,,,,,
816,65 and up,Not Very,Not too,FALSE,FALSE,,,,,
817,65 and up,No answer,Not at all,FALSE,FALSE,,,,,
818,65 and up,Somewhat,Somewhat,TRUE,TRUE,,,,,
819,35 - 64,Very,Not too,TRUE,FALSE,,,,,
820,65 and up,Very,Not too,TRUE,FALSE,,,,,
821,65 and up,Very,Very,TRUE,TRUE,,,,,
822,35 - 64,Very,Somewhat,TRUE,TRUE,,,,,
823,65 and up,Somewhat,Somewhat,TRUE,TRUE,,,,,
824,35 - 64,Very,Not too,TRUE,FALSE,,,,,
825,35 - 64,Very,Somewhat,TRUE,TRUE,,,,,
826,65 and up,Somewhat,Somewhat,TRUE,TRUE,,,,,
827,35 - 64,Somewhat,Somewhat,TRUE,TRUE,,,,,
828,65 and up,Somewhat,Somewhat,TRUE,TRUE,,,,,
829,65 and up,Not Very,Not too,FALSE,FALSE,,,,,
830,65 and up,Somewhat,Somewhat,TRUE,TRUE,,,,,
831,65 and up,Very,Not too,TRUE,FALSE,,,,,
832,35 - 64,Very,Somewhat,TRUE,TRUE,,,,,
833,65 and up,Very,Somewhat,TRUE,TRUE,,,,,
834,35 - 64,Somewhat,Not at all,TRUE,FALSE,,,,,
835,65 and up,Somewhat,Not too,TRUE,FALSE,,,,,
836,65 and up,Very,Somewhat,TRUE,TRUE,,,,,
837,65 and up,Very,Not too,TRUE,FALSE,,,,,
838,35 - 64,Very,Not too,TRUE,FALSE,,,,,
839,35 - 64,Very,Not too,TRUE,FALSE,,,,,
840,35 - 64,Somewhat,Somewhat,TRUE,TRUE,,,,,
841,65 and up,Not Very,Not too,FALSE,FALSE,,,,,
842,65 and up,Not Very,Not at all,FALSE,FALSE,,,,,
843,35 - 64,Somewhat,Somewhat,TRUE,TRUE,,,,,
844,65 and up,Somewhat,Somewhat,TRUE,TRUE,,,,,
845,35 - 64,Very,Not too,TRUE,FALSE,,,,,
846,65 and up,Very,Somewhat,TRUE,TRUE,,,,,
847,65 and up,Very,Somewhat,TRUE,TRUE,,,,,
848,35 - 64,Somewhat,Somewhat,TRUE,TRUE,,,,,
849,65 and up,Somewhat,Somewhat,TRUE,TRUE,,,,,
850,65 and up,Somewhat,Not too,TRUE,FALSE,,,,,
851,35 - 64,Somewhat,Not at all,TRUE,FALSE,,,,,
852,65 and up,Very,Very,TRUE,TRUE,,,,,
853,65 and up,Very,Not at all,TRUE,FALSE,,,,,
854,35 - 64,Somewhat,Somewhat,TRUE,TRUE,,,,,
855,35 - 64,Somewhat,Not too,TRUE,FALSE,,,,,
856,65 and up,Somewhat,Not too,TRUE,FALSE,,,,,
857,35 - 64,Very,Very,TRUE,TRUE,,,,,
858,65 and up,Somewhat,Not at all,TRUE,FALSE,,,,,
859,65 and up,Somewhat,Somewhat,TRUE,TRUE,,,,,
860,65 and up,Somewhat,Not too,TRUE,FALSE,,,,,
861,35 - 64,Very,Not at all,TRUE,FALSE,,,,,
862,65 and up,Somewhat,Not too,TRUE,FALSE,,,,,
863,35 - 64,Very,Not too,TRUE,FALSE,,,,,
864,65 and up,Very,Somewhat,TRUE,TRUE,,,,,
865,65 and up,Somewhat,Not too,TRUE,FALSE,,,,,
866,65 and up,Very,Very,TRUE,TRUE,,,,,
867,65 and up,Very,Somewhat,TRUE,TRUE,,,,,
868,35 - 64,Very,Not too,TRUE,FALSE,,,,,
869,35 - 64,Somewhat,Somewhat,TRUE,TRUE,,,,,
870,35 - 64,Not Very,Not too,FALSE,FALSE,,,,,
871,65 and up,Very,Very,TRUE,TRUE,,,,,
872,65 and up,Somewhat,Not too,TRUE,FALSE,,,,,
873,35 - 64,Somewhat,Somewhat,TRUE,TRUE,,,,,
874,35 - 64,Very,Somewhat,TRUE,TRUE,,,,,
875,65 and up,Somewhat,Somewhat,TRUE,TRUE,,,,,
876,65 and up,Somewhat,Somewhat,TRUE,TRUE,,,,,
877,35 - 64,Somewhat,Somewhat,TRUE,TRUE,,,,,
878,65 and up,Somewhat,Not too,TRUE,FALSE,,,,,
879,65 and up,Not Very,Not at all,FALSE,FALSE,,,,,
880,35 - 64,Somewhat,Somewhat,TRUE,TRUE,,,,,
881,35 - 64,Very,Not at all,TRUE,FALSE,,,,,
882,35 - 64,Somewhat,Not too,TRUE,FALSE,,,,,
883,65 and up,Not Very,Somewhat,FALSE,TRUE,,,,,
884,65 and up,Very,Not too,TRUE,FALSE,,,,,
885,65 and up,Somewhat,Somewhat,TRUE,TRUE,,,,,
886,65 and up,Not Very,Not at all,FALSE,FALSE,,,,,
887,35 - 64,Very,Somewhat,TRUE,TRUE,,,,,
888,65 and up,Somewhat,Not too,TRUE,FALSE,,,,,
889,65 and up,Somewhat,Somewhat,TRUE,TRUE,,,,,
890,35 - 64,Somewhat,Not too,TRUE,FALSE,,,,,
891,65 and up,Somewhat,Not at all,TRUE,FALSE,,,,,
892,65 and up,Somewhat,Very,TRUE,TRUE,,,,,
893,35 - 64,Somewhat,Somewhat,TRUE,TRUE,,,,,
894,65 and up,Somewhat,Somewhat,TRUE,TRUE,,,,,
895,65 and up,Somewhat,Somewhat,TRUE,TRUE,,,,,
896,65 and up,Very,Not too,TRUE,FALSE,,,,,
897,35 - 64,Not Very,Somewhat,FALSE,TRUE,,,,,
898,35 - 64,Somewhat,Somewhat,TRUE,TRUE,,,,,
899,65 and up,Very,Very,TRUE,TRUE,,,,,
900,35 - 64,Somewhat,Somewhat,TRUE,TRUE,,,,,
901,65 and up,Somewhat,Not too,TRUE,FALSE,,,,,
902,65 and up,Very,Somewhat,TRUE,TRUE,,,,,
903,65 and up,Very,Not at all,TRUE,FALSE,,,,,
904,18 - 34,Somewhat,Somewhat,TRUE,TRUE,,,,,
905,35 - 64,Not Very,Not too,FALSE,FALSE,,,,,
906,35 - 64,Very,Very,TRUE,TRUE,,,,,
907,65 and up,Somewhat,Not too,TRUE,FALSE,,,,,
908,65 and up,Somewhat,Not too,TRUE,FALSE,,,,,
909,35 - 64,Very,Somewhat,TRUE,TRUE,,,,,
910,65 and up,Somewhat,Somewhat,TRUE,TRUE,,,,,
911,65 and up,Somewhat,Not too,TRUE,FALSE,,,,,
912,65 and up,Very,Somewhat,TRUE,TRUE,,,,,
913,65 and up,Very,Very,TRUE,TRUE,,,,,
914,35 - 64,Very,Somewhat,TRUE,TRUE,,,,,
915,35 - 64,Somewhat,Somewhat,TRUE,TRUE,,,,,
916,35 - 64,Somewhat,Somewhat,TRUE,TRUE,,,,,
917,35 - 64,Very,Not too,TRUE,FALSE,,,,,
918,65 and up,Very,Not at all,TRUE,FALSE,,,,,
919,35 - 64,Somewhat,Not too,TRUE,FALSE,,,,,
920,65 and up,Somewhat,Not too,TRUE,FALSE,,,,,
921,35 - 64,Somewhat,Somewhat,TRUE,TRUE,,,,,
922,35 - 64,Somewhat,Very,TRUE,TRUE,,,,,
923,35 - 64,Somewhat,Somewhat,TRUE,TRUE,,,,,
924,35 - 64,Somewhat,Somewhat,TRUE,TRUE,,,,,
925,35 - 64,Somewhat,Somewhat,TRUE,TRUE,,,,,
926,65 and up,Somewhat,Not too,TRUE,FALSE,,,,,
927,35 - 64,Very,Not at all,TRUE,FALSE,,,,,
928,35 - 64,Very,Somewhat,TRUE,TRUE,,,,,
929,65 and up,Somewhat,Somewhat,TRUE,TRUE,,,,,
930,35 - 64,Somewhat,Somewhat,TRUE,TRUE,,,,,
931,65 and up,Somewhat,Somewhat,TRUE,TRUE,,,,,
932,35 - 64,Somewhat,Not too,TRUE,FALSE,,,,,
933,65 and up,Very,Somewhat,TRUE,TRUE,,,,,
934,35 - 64,Somewhat,Somewhat,TRUE,TRUE,,,,,
935,35 - 64,Very,Very,TRUE,TRUE,,,,,
936,35 - 64,No answer,No answer,FALSE,FALSE,,,,,
937,65 and up,Somewhat,Not too,TRUE,FALSE,,,,,
938,35 - 64,Not Very,Not too,FALSE,FALSE,,,,,
939,35 - 64,Somewhat,Somewhat,TRUE,TRUE,,,,,
940,35 - 64,Very,Somewhat,TRUE,TRUE,,,,,
941,65 and up,No answer,Not too,FALSE,FALSE,,,,,
942,65 and up,Very,Very,TRUE,TRUE,,,,,
943,65 and up,Somewhat,Somewhat,TRUE,TRUE,,,,,
944,65 and up,Very,Somewhat,TRUE,TRUE,,,,,
945,35 - 64,Somewhat,Very,TRUE,TRUE,,,,,
946,18 - 34,Not Very,Not too,FALSE,FALSE,,,,,
947,35 - 64,Very,Not too,TRUE,FALSE,,,,,
948,65 and up,Somewhat,Not too,TRUE,FALSE,,,,,
949,65 and up,Somewhat,Not at all,TRUE,FALSE,,,,,
950,18 - 34,Very,Not too,TRUE,FALSE,,,,,
951,35 - 64,Somewhat,Somewhat,TRUE,TRUE,,,,,
952,35 - 64,Very,Not at all,TRUE,FALSE,,,,,
953,65 and up,Somewhat,Somewhat,TRUE,TRUE,,,,,
954,65 and up,Somewhat,Not at all,TRUE,FALSE,,,,,
955,65 and up,Somewhat,Not too,TRUE,FALSE,,,,,
956,65 and up,Somewhat,Somewhat,TRUE,TRUE,,,,,
957,65 and up,Not Very,Not at all,FALSE,FALSE,,,,,
958,65 and up,Very,Very,TRUE,TRUE,,,,,
959,65 and up,Somewhat,Somewhat,TRUE,TRUE,,,,,
960,35 - 64,Very,Very,TRUE,TRUE,,,,,
961,35 - 64,Very,Not at all,TRUE,FALSE,,,,,
962,35 - 64,Very,Not at all,TRUE,FALSE,,,,,
963,65 and up,Somewhat,Not too,TRUE,FALSE,,,,,
964,65 and up,Very,Somewhat,TRUE,TRUE,,,,,
965,65 and up,Somewhat,Not too,TRUE,FALSE,,,,,
966,65 and up,Very,Not too,TRUE,FALSE,,,,,
967,35 - 64,Very,Not at all,TRUE,FALSE,,,,,
968,65 and up,Very,Somewhat,TRUE,TRUE,,,,,
969,35 - 64,Very,Not too,TRUE,FALSE,,,,,
970,65 and up,Somewhat,Not at all,TRUE,FALSE,,,,,
971,65 and up,Very,Not too,TRUE,FALSE,,,,,
972,35 - 64,Very,Not too,TRUE,FALSE,,,,,
973,65 and up,Very,Somewhat,TRUE,TRUE,,,,,
974,35 - 64,Somewhat,Somewhat,TRUE,TRUE,,,,,
975,35 - 64,Very,Not at all,TRUE,FALSE,,,,,
976,65 and up,Somewhat,Somewhat,TRUE,TRUE,,,,,
977,65 and up,Very,Not at all,TRUE,FALSE,,,,,
978,35 - 64,Very,Not too,TRUE,FALSE,,,,,
979,35 - 64,Somewhat,Not too,TRUE,FALSE,,,,,
980,65 and up,Somewhat,Somewhat,TRUE,TRUE,,,,,
981,65 and up,Somewhat,Not too,TRUE,FALSE,,,,,
982,65 and up,Very,Not at all,TRUE,FALSE,,,,,
983,35 - 64,Very,Somewhat,TRUE,TRUE,,,,,
984,65 and up,Very,Not too,TRUE,FALSE,,,,,
985,35 - 64,Not Very,Somewhat,FALSE,TRUE,,,,,
986,35 - 64,Not Very,Somewhat,FALSE,TRUE,,,,,
987,35 - 64,Somewhat,Not too,TRUE,FALSE,,,,,
988,35 - 64,Not Very,Somewhat,FALSE,TRUE,,,,,
989,35 - 64,Somewhat,Not too,TRUE,FALSE,,,,,
990,35 - 64,Somewhat,Somewhat,TRUE,TRUE,,,,,
991,65 and up,Not Very,Not too,FALSE,FALSE,,,,,
992,65 and up,Very,Not too,TRUE,FALSE,,,,,
993,65 and up,Somewhat,Somewhat,TRUE,TRUE,,,,,
994,35 - 64,Somewhat,Not too,TRUE,FALSE,,,,,
995,65 and up,Somewhat,Not at all,TRUE,FALSE,,,,,
996,65 and up,Very,Somewhat,TRUE,TRUE,,,,,
997,35 - 64,Somewhat,Not too,TRUE,FALSE,,,,,
998,65 and up,Very,Not too,TRUE,FALSE,,,,,
999,65 and up,Somewhat,Not too,TRUE,FALSE,,,,,
1000,35 - 64,Somewhat,Not too,TRUE,FALSE,,,,,
1001,35 - 64,Somewhat,Somewhat,TRUE,TRUE,,,,,
1002,35 - 64,Not Very,Not too,FALSE,FALSE,,,,,
1003,65 and up,Not Very,Not too,FALSE,FALSE,,,,,
1004,35 - 64,Somewhat,No answer,TRUE,FALSE,,,,,
1005,35 - 64,Not Very,Not at all,FALSE,FALSE,,,,,
1006,35 - 64,Very,Not too,TRUE,FALSE,,,,,
1007,35 - 64,Somewhat,Not too,TRUE,FALSE,,,,,
1008,65 and up,Somewhat,Somewhat,TRUE,TRUE,,,,,
1009,35 - 64,Somewhat,Somewhat,TRUE,TRUE,,,,,
1010,65 and up,Very,Somewhat,TRUE,TRUE,,,,,
1011,35 - 64,Somewhat,Not at all,TRUE,FALSE,,,,,
1012,35 - 64,Somewhat,Not too,TRUE,FALSE,,,,,
1013,35 - 64,Somewhat,Somewhat,TRUE,TRUE,,,,,
1014,65 and up,Somewhat,Not too,TRUE,FALSE,,,,,
1015,35 - 64,Very,Very,TRUE,TRUE,,,,,
1016,18 - 34,Very,Not too,TRUE,FALSE,,,,,
1017,35 - 64,Somewhat,Not at all,TRUE,FALSE,,,,,
1018,65 and up,Very,Somewhat,TRUE,TRUE,,,,,
1019,65 and up,Somewhat,Somewhat,TRUE,TRUE,,,,,
1020,65 and up,Somewhat,Somewhat,TRUE,TRUE,,,,,
1021,65 and up,Somewhat,Very,TRUE,TRUE,,,,,
1022,35 - 64,Somewhat,Not at all,TRUE,FALSE,,,,,
1023,35 - 64,Somewhat,Not at all,TRUE,FALSE,,,,,
1024,65 and up,Very,Not at all,TRUE,FALSE,,,,,
1025,65 and up,Somewhat,Somewhat,TRUE,TRUE,,,,,
1026,35 - 64,Not Very,Not too,FALSE,FALSE,,,,,
1027,35 - 64,Somewhat,Not too,TRUE,FALSE,,,,,
1028,35 - 64,Somewhat,Not at all,TRUE,FALSE,,,,,
1029,35 - 64,Somewhat,Not too,TRUE,FALSE,,,,,
1030,35 - 64,Very,Not at all,TRUE,FALSE,,,,,
1031,65 and up,Very,Very,TRUE,TRUE,,,,,
1032,65 and up,Somewhat,Not at all,TRUE,FALSE,,,,,
1033,65 and up,Somewhat,Not too,TRUE,FALSE,,,,,
1034,65 and up,Somewhat,Somewhat,TRUE,TRUE,,,,,
1035,35 - 64,Somewhat,Not too,TRUE,FALSE,,,,,
1036,35 - 64,Somewhat,Not at all,TRUE,FALSE,,,,,
1037,65 and up,Very,Somewhat,TRUE,TRUE,,,,,
1038,65 and up,Somewhat,Not too,TRUE,FALSE,,,,,
1039,65 and up,Somewhat,Somewhat,TRUE,TRUE,,,,,
1040,35 - 64,Somewhat,Somewhat,TRUE,TRUE,,,,,
1041,65 and up,Very,Very,TRUE,TRUE,,,,,
1042,18 - 34,Not Very,Not at all,FALSE,FALSE,,,,,
1043,65 and up,Somewhat,Somewhat,TRUE,TRUE,,,,,
1044,35 - 64,Somewhat,Somewhat,TRUE,TRUE,,,,,
1045,18 - 34,Somewhat,Not too,TRUE,FALSE,,,,,
1046,35 - 64,Somewhat,Not too,TRUE,FALSE,,,,,
1047,35 - 64,Very,Not too,TRUE,FALSE,,,,,
1048,65 and up,Somewhat,Not at all,TRUE,FALSE,,,,,
1049,35 - 64,Very,Not at all,TRUE,FALSE,,,,,
1050,65 and up,Somewhat,Very,TRUE,TRUE,,,,,
1051,65 and up,Very,Not too,TRUE,FALSE,,,,,
1052,35 - 64,Somewhat,Not too,TRUE,FALSE,,,,,
1053,18 - 34,Somewhat,Not too,TRUE,FALSE,,,,,
1054,35 - 64,Somewhat,Somewhat,TRUE,TRUE,,,,,
1055,65 and up,Not Very,Not too,FALSE,FALSE,,,,,
1056,18 - 34,Somewhat,Not at all,TRUE,FALSE,,,,,
1057,65 and up,Somewhat,Not too,TRUE,FALSE,,,,,
1058,35 - 64,Very,Somewhat,TRUE,TRUE,,,,,
1059,35 - 64,Very,Not at all,TRUE,FALSE,,,,,
1060,65 and up,Very,Somewhat,TRUE,TRUE,,,,,
1061,35 - 64,Somewhat,Not at all,TRUE,FALSE,,,,,
1062,65 and up,Somewhat,Somewhat,TRUE,TRUE,,,,,
1063,65 and up,Very,Not at all,TRUE,FALSE,,,,,
1064,65 and up,Somewhat,Not too,TRUE,FALSE,,,,,
1065,65 and up,Somewhat,Not too,TRUE,FALSE,,,,,
1066,35 - 64,Somewhat,Not too,TRUE,FALSE,,,,,
1067,35 - 64,Somewhat,Not too,TRUE,FALSE,,,,,
1068,35 - 64,Somewhat,Not too,TRUE,FALSE,,,,,
1069,35 - 64,Somewhat,Somewhat,TRUE,TRUE,,,,,
1070,65 and up,Very,Not too,TRUE,FALSE,,,,,
1071,35 - 64,Somewhat,Somewhat,TRUE,TRUE,,,,,
1072,65 and up,Somewhat,Somewhat,TRUE,TRUE,,,,,
1073,65 and up,Very,Not at all,TRUE,FALSE,,,,,
1074,35 - 64,Very,Somewhat,TRUE,TRUE,,,,,
1075,35 - 64,Not at all,Not too,FALSE,FALSE,,,,,
1076,65 and up,Very,Not too,TRUE,FALSE,,,,,
1077,65 and up,Somewhat,Not too,TRUE,FALSE,,,,,
1078,65 and up,Somewhat,Not too,TRUE,FALSE,,,,,
1079,35 - 64,Somewhat,Somewhat,TRUE,TRUE,,,,,
1080,35 - 64,Somewhat,Somewhat,TRUE,TRUE,,,,,
1081,35 - 64,Very,Somewhat,TRUE,TRUE,,,,,
1082,35 - 64,Very,Not too,TRUE,FALSE,,,,,
1083,65 and up,Very,Not at all,TRUE,FALSE,,,,,
1084,35 - 64,Very,Not at all,TRUE,FALSE,,,,,
1085,35 - 64,Very,Somewhat,TRUE,TRUE,,,,,
1086,35 - 64,Somewhat,Not too,TRUE,FALSE,,,,,
1087,35 - 64,Somewhat,Somewhat,TRUE,TRUE,,,,,
1088,65 and up,Not Very,Somewhat,FALSE,TRUE,,,,,
1089,65 and up,Somewhat,Not at all,TRUE,FALSE,,,,,
1090,65 and up,Somewhat,Not too,TRUE,FALSE,,,,,
1091,65 and up,Very,Not at all,TRUE,FALSE,,,,,
1092,65 and up,Somewhat,Somewhat,TRUE,TRUE,,,,,
1093,65 and up,Somewhat,Somewhat,TRUE,TRUE,,,,,
1094,35 - 64,Very,Very,TRUE,TRUE,,,,,
1095,65 and up,Somewhat,Not too,TRUE,FALSE,,,,,
1096,65 and up,Very,Not at all,TRUE,FALSE,,,,,
1097,35 - 64,Somewhat,Somewhat,TRUE,TRUE,,,,,
1098,65 and up,Very,Not at all,TRUE,FALSE,,,,,
1099,35 - 64,Somewhat,Not too,TRUE,FALSE,,,,,
1100,35 - 64,Somewhat,Somewhat,TRUE,TRUE,,,,,
1101,35 - 64,No answer,Not at all,FALSE,FALSE,,,,,
1102,65 and up,Very,Somewhat,TRUE,TRUE,,,,,
1103,65 and up,Somewhat,Not too,TRUE,FALSE,,,,,
1104,65 and up,Very,Very,TRUE,TRUE,,,,,
1105,35 - 64,Very,Somewhat,TRUE,TRUE,,,,,
1106,35 - 64,Very,Not too,TRUE,FALSE,,,,,
1107,35 - 64,Not Very,Not too,FALSE,FALSE,,,,,
1108,35 - 64,Not at all,Somewhat,FALSE,TRUE,,,,,
1109,35 - 64,Very,Not too,TRUE,FALSE,,,,,
1110,65 and up,Somewhat,Somewhat,TRUE,TRUE,,,,,
1111,35 - 64,Somewhat,Not too,TRUE,FALSE,,,,,
1112,65 and up,Somewhat,Very,TRUE,TRUE,,,,,
1113,35 - 64,Somewhat,Not too,TRUE,FALSE,,,,,
1114,65 and up,Very,Very,TRUE,TRUE,,,,,
1115,65 and up,Very,Somewhat,TRUE,TRUE,,,,,
1116,65 and up,Not Very,Not too,FALSE,FALSE,,,,,
1117,35 - 64,Very,Very,TRUE,TRUE,,,,,
1118,65 and up,Somewhat,Not too,TRUE,FALSE,,,,,
1119,65 and up,Somewhat,Not too,TRUE,FALSE,,,,,
1120,65 and up,Very,Very,TRUE,TRUE,,,,,
1121,18 - 34,Somewhat,Not at all,TRUE,FALSE,,,,,
1122,35 - 64,Somewhat,Somewhat,TRUE,TRUE,,,,,
1123,35 - 64,Very,Very,TRUE,TRUE,,,,,
1124,35 - 64,Very,Somewhat,TRUE,TRUE,,,,,
1125,35 - 64,Not Very,Not too,FALSE,FALSE,,,,,
1126,65 and up,Very,Very,TRUE,TRUE,,,,,
1127,35 - 64,Very,Somewhat,TRUE,TRUE,,,,,
1128,35 - 64,Very,Not at all,TRUE,FALSE,,,,,
1129,65 and up,Somewhat,Somewhat,TRUE,TRUE,,,,,
1130,35 - 64,Very,Somewhat,TRUE,TRUE,,,,,
1131,35 - 64,Somewhat,Somewhat,TRUE,TRUE,,,,,
1132,35 - 64,Very,Somewhat,TRUE,TRUE,,,,,
1133,65 and up,Not Very,Somewhat,FALSE,TRUE,,,,,
1134,65 and up,Very,Not too,TRUE,FALSE,,,,,
1135,35 - 64,Somewhat,Not at all,TRUE,FALSE,,,,,
1136,65 and up,Somewhat,Not at all,TRUE,FALSE,,,,,
1137,65 and up,Not Very,Not too,FALSE,FALSE,,,,,
1138,35 - 64,Very,Not too,TRUE,FALSE,,,,,
1139,65 and up,Very,Not too,TRUE,FALSE,,,,,
1140,65 and up,Somewhat,Somewhat,TRUE,TRUE,,,,,
1141,65 and up,Somewhat,Somewhat,TRUE,TRUE,,,,,
1142,35 - 64,Very,Somewhat,TRUE,TRUE,,,,,
1143,65 and up,Very,Somewhat,TRUE,TRUE,,,,,
1144,35 - 64,Very,Somewhat,TRUE,TRUE,,,,,
1145,35 - 64,Somewhat,Somewhat,TRUE,TRUE,,,,,
1146,35 - 64,Somewhat,Not too,TRUE,FALSE,,,,,
1147,35 - 64,Somewhat,Not too,TRUE,FALSE,,,,,
1148,65 and up,Somewhat,Somewhat,TRUE,TRUE,,,,,
1149,65 and up,Somewhat,Not too,TRUE,FALSE,,,,,
1150,65 and up,Somewhat,Not too,TRUE,FALSE,,,,,
1151,65 and up,Very,Not at all,TRUE,FALSE,,,,,
1152,35 - 64,Very,Not at all,TRUE,FALSE,,,,,
1153,35 - 64,Very,Somewhat,TRUE,TRUE,,,,,
1154,35 - 64,Somewhat,Not too,TRUE,FALSE,,,,,
1155,65 and up,Very,Somewhat,TRUE,TRUE,,,,,
1156,65 and up,Somewhat,Not too,TRUE,FALSE,,,,,
1157,35 - 64,Not at all,Not at all,FALSE,FALSE,,,,,
1158,35 - 64,Somewhat,Not at all,TRUE,FALSE,,,,,
1159,35 - 64,Somewhat,Not too,TRUE,FALSE,,,,,
1160,65 and up,No answer,Not at all,FALSE,FALSE,,,,,
1161,65 and up,Not Very,Not too,FALSE,FALSE,,,,,
1162,35 - 64,Somewhat,Somewhat,TRUE,TRUE,,,,,
1163,35 - 64,Somewhat,Somewhat,TRUE,TRUE,,,,,
1164,35 - 64,Somewhat,Not at all,TRUE,FALSE,,,,,
1165,35 - 64,Somewhat,Somewhat,TRUE,TRUE,,,,,
1166,65 and up,Somewhat,Not too,TRUE,FALSE,,,,,
1167,65 and up,Somewhat,Not too,TRUE,FALSE,,,,,
1168,65 and up,Somewhat,Not at all,TRUE,FALSE,,,,,
1169,35 - 64,Not Very,Not at all,FALSE,FALSE,,,,,
1170,65 and up,Not Very,Not at all,FALSE,FALSE,,,,,
1171,65 and up,Not at all,Not at all,FALSE,FALSE,,,,,
1172,35 - 64,Very,Very,TRUE,TRUE,,,,,
1173,35 - 64,Very,Not too,TRUE,FALSE,,,,,
1174,35 - 64,Very,Very,TRUE,TRUE,,,,,
1175,35 - 64,Very,Not at all,TRUE,FALSE,,,,,
1176,18 - 34,Somewhat,Somewhat,TRUE,TRUE,,,,,
1177,65 and up,Very,Not too,TRUE,FALSE,,,,,
1178,35 - 64,Somewhat,Somewhat,TRUE,TRUE,,,,,
1179,65 and up,Somewhat,Somewhat,TRUE,TRUE,,,,,
1180,18 - 34,Somewhat,Somewhat,TRUE,TRUE,,,,,
1181,65 and up,Not Very,Very,FALSE,TRUE,,,,,
1182,65 and up,Very,Not at all,TRUE,FALSE,,,,,
1183,35 - 64,Somewhat,Somewhat,TRUE,TRUE,,,,,
1184,35 - 64,Very,Not at all,TRUE,FALSE,,,,,
1185,35 - 64,Somewhat,Not at all,TRUE,FALSE,,,,,
1186,35 - 64,Somewhat,Somewhat,TRUE,TRUE,,,,,
1187,65 and up,Very,Very,TRUE,TRUE,,,,,
1188,18 - 34,Somewhat,Very,TRUE,TRUE,,,,,
1189,35 - 64,Somewhat,Somewhat,TRUE,TRUE,,,,,
1190,65 and up,Somewhat,Not too,TRUE,FALSE,,,,,
1191,65 and up,Very,Not too,TRUE,FALSE,,,,,
1192,65 and up,Very,Not too,TRUE,FALSE,,,,,
1193,65 and up,Somewhat,Somewhat,TRUE,TRUE,,,,,
1194,35 - 64,Very,Somewhat,TRUE,TRUE,,,,,
1195,65 and up,Somewhat,Somewhat,TRUE,TRUE,,,,,
1196,35 - 64,Somewhat,Somewhat,TRUE,TRUE,,,,,
1197,18 - 34,Somewhat,Somewhat,TRUE,TRUE,,,,,
1198,35 - 64,Somewhat,Not too,TRUE,FALSE,,,,,
1199,35 - 64,Somewhat,Somewhat,TRUE,TRUE,,,,,
1200,35 - 64,Somewhat,Not too,TRUE,FALSE,,,,,
1201,35 - 64,Very,Somewhat,TRUE,TRUE,,,,,
1202,35 - 64,Not Very,Not at all,FALSE,FALSE,,,,,
1203,35 - 64,Very,Not too,TRUE,FALSE,,,,,
1204,35 - 64,Not Very,Not too,FALSE,FALSE,,,,,
1205,35 - 64,Somewhat,Somewhat,TRUE,TRUE,,,,,
1206,35 - 64,Somewhat,Somewhat,TRUE,TRUE,,,,,
1207,35 - 64,Somewhat,Not at all,TRUE,FALSE,,,,,
1208,35 - 64,Somewhat,Somewhat,TRUE,TRUE,,,,,
1209,35 - 64,Very,Very,TRUE,TRUE,,,,,
1210,35 - 64,Very,Somewhat,TRUE,TRUE,,,,,
1211,35 - 64,Very,Not too,TRUE,FALSE,,,,,
1212,35 - 64,Somewhat,Not at all,TRUE,FALSE,,,,,
1213,35 - 64,Somewhat,Not too,TRUE,FALSE,,,,,
1214,35 - 64,Somewhat,Not too,TRUE,FALSE,,,,,
1215,35 - 64,Very,Somewhat,TRUE,TRUE,,,,,
1216,35 - 64,Somewhat,Not at all,TRUE,FALSE,,,,,
1217,35 - 64,Very,Not at all,TRUE,FALSE,,,,,
1218,35 - 64,Very,Not at all,TRUE,FALSE,,,,,
1219,35 - 64,Not Very,Somewhat,FALSE,TRUE,,,,,
1220,35 - 64,Somewhat,Somewhat,TRUE,TRUE,,,,,
1221,35 - 64,Somewhat,Somewhat,TRUE,TRUE,,,,,
1222,35 - 64,Somewhat,Very,TRUE,TRUE,,,,,
1223,35 - 64,Very,Not at all,TRUE,FALSE,,,,,
1224,35 - 64,Very,Very,TRUE,TRUE,,,,,
1225,35 - 64,Very,Very,TRUE,TRUE,,,,,
1226,35 - 64,Somewhat,Very,TRUE,TRUE,,,,,
1227,35 - 64,Very,Very,TRUE,TRUE,,,,,
1228,35 - 64,Somewhat,Not too,TRUE,FALSE,,,,,
1229,35 - 64,Very,Somewhat,TRUE,TRUE,,,,,
1230,35 - 64,Not at all,Not at all,FALSE,FALSE,,,,,
1231,35 - 64,Very,Not too,TRUE,FALSE,,,,,
1232,35 - 64,Very,Not too,TRUE,FALSE,,,,,
1233,35 - 64,Very,Not at all,TRUE,FALSE,,,,,
1234,35 - 64,Somewhat,Somewhat,TRUE,TRUE,,,,,
1235,35 - 64,Very,Somewhat,TRUE,TRUE,,,,,
1236,35 - 64,Very,Very,TRUE,TRUE,,,,,
1237,35 - 64,Somewhat,Not too,TRUE,FALSE,,,,,
1238,35 - 64,Somewhat,Not at all,TRUE,FALSE,,,,,
1239,35 - 64,Not Very,Somewhat,FALSE,TRUE,,,,,
1240,35 - 64,Somewhat,Somewhat,TRUE,TRUE,,,,,
1241,35 - 64,Somewhat,Somewhat,TRUE,TRUE,,,,,
1242,35 - 64,Somewhat,Somewhat,TRUE,TRUE,,,,,
1243,35 - 64,Not Very,Somewhat,FALSE,TRUE,,,,,
1244,35 - 64,Very,Somewhat,TRUE,TRUE,,,,,
1245,35 - 64,Very,Not at all,TRUE,FALSE,,,,,
1246,35 - 64,Very,Somewhat,TRUE,TRUE,,,,,
1247,35 - 64,Very,Very,TRUE,TRUE,,,,,
1248,35 - 64,Somewhat,Somewhat,TRUE,TRUE,,,,,
1249,35 - 64,Somewhat,Somewhat,TRUE,TRUE,,,,,
1250,35 - 64,Not Very,Not too,FALSE,FALSE,,,,,
1251,35 - 64,Somewhat,Somewhat,TRUE,TRUE,,,,,
1252,35 - 64,Somewhat,Not too,TRUE,FALSE,,,,,
1253,35 - 64,Very,Not at all,TRUE,FALSE,,,,,
1254,35 - 64,Somewhat,Somewhat,TRUE,TRUE,,,,,
1255,35 - 64,Somewhat,Somewhat,TRUE,TRUE,,,,,
1256,35 - 64,Somewhat,Somewhat,TRUE,TRUE,,,,,
1257,35 - 64,Very,Not at all,TRUE,FALSE,,,,,
1258,35 - 64,Very,Somewhat,TRUE,TRUE,,,,,
1259,35 - 64,Somewhat,Somewhat,TRUE,TRUE,,,,,
1260,35 - 64,Very,Not too,TRUE,FALSE,,,,,
1261,35 - 64,Very,Not too,TRUE,FALSE,,,,,
1262,35 - 64,Very,Not too,TRUE,FALSE,,,,,
1263,35 - 64,Somewhat,Very,TRUE,TRUE,,,,,
1264,35 - 64,Somewhat,Not too,TRUE,FALSE,,,,,
1265,35 - 64,Somewhat,Not too,TRUE,FALSE,,,,,
1266,35 - 64,Not Very,Somewhat,FALSE,TRUE,,,,,
1267,35 - 64,Very,Very,TRUE,TRUE,,,,,
1268,65 and up,Somewhat,Not too,TRUE,FALSE,,,,,
1269,35 - 64,Somewhat,Not too,TRUE,FALSE,,,,,
1270,35 - 64,Somewhat,Not too,TRUE,FALSE,,,,,
1271,35 - 64,Very,Not at all,TRUE,FALSE,,,,,
1272,35 - 64,Somewhat,Not too,TRUE,FALSE,,,,,
1273,35 - 64,Somewhat,Not too,TRUE,FALSE,,,,,
1274,35 - 64,Not Very,Somewhat,FALSE,TRUE,,,,,
1275,35 - 64,Somewhat,Very,TRUE,TRUE,,,,,
1276,35 - 64,Very,Not too,TRUE,FALSE,,,,,
1277,35 - 64,Very,Not at all,TRUE,FALSE,,,,,
1278,35 - 64,Very,Very,TRUE,TRUE,,,,,
1279,18 - 34,Somewhat,Somewhat,TRUE,TRUE,,,,,
1280,18 - 34,Somewhat,Somewhat,TRUE,TRUE,,,,,
1281,35 - 64,Somewhat,Somewhat,TRUE,TRUE,,,,,
1282,18 - 34,Somewhat,Somewhat,TRUE,TRUE,,,,,
1283,35 - 64,Somewhat,Somewhat,TRUE,TRUE,,,,,
1284,18 - 34,Very,Very,TRUE,TRUE,,,,,
1285,35 - 64,Very,Very,TRUE,TRUE,,,,,
1286,18 - 34,Very,Very,TRUE,TRUE,,,,,
1287,65 and up,Somewhat,Somewhat,TRUE,TRUE,,,,,
1288,35 - 64,Somewhat,Somewhat,TRUE,TRUE,,,,,
1289,35 - 64,No answer,No answer,FALSE,FALSE,,,,,
1290,35 - 64,Very,Somewhat,TRUE,TRUE,,,,,
1291,18 - 34,Somewhat,Somewhat,TRUE,TRUE,,,,,
1292,35 - 64,Very,Somewhat,TRUE,TRUE,,,,,
1293,35 - 64,Very,Somewhat,TRUE,TRUE,,,,,
1294,35 - 64,Somewhat,Somewhat,TRUE,TRUE,,,,,
1295,35 - 64,Very,Somewhat,TRUE,TRUE,,,,,
1296,18 - 34,Somewhat,Somewhat,TRUE,TRUE,,,,,
1297,35 - 64,Somewhat,Not too,TRUE,FALSE,,,,,
1298,35 - 64,Not Very,Somewhat,FALSE,TRUE,,,,,
1299,35 - 64,Very,Very,TRUE,TRUE,,,,,
1300,35 - 64,Very,Not too,TRUE,FALSE,,,,,
1301,35 - 64,Very,Very,TRUE,TRUE,,,,,
1302,35 - 64,Somewhat,Not too,TRUE,FALSE,,,,,
1303,35 - 64,Very,Very,TRUE,TRUE,,,,,
1304,65 and up,Not Very,Very,FALSE,TRUE,,,,,
1305,35 - 64,Very,Somewhat,TRUE,TRUE,,,,,
1306,35 - 64,Very,Very,TRUE,TRUE,,,,,
1307,35 - 64,Somewhat,Somewhat,TRUE,TRUE,,,,,
1308,35 - 64,Somewhat,Not too,TRUE,FALSE,,,,,
1309,35 - 64,Very,Somewhat,TRUE,TRUE,,,,,
1310,35 - 64,Somewhat,Somewhat,TRUE,TRUE,,,,,
1311,35 - 64,Very,Somewhat,TRUE,TRUE,,,,,
1312,35 - 64,Somewhat,Somewhat,TRUE,TRUE,,,,,
1313,35 - 64,Very,Very,TRUE,TRUE,,,,,
1314,35 - 64,Very,Somewhat,TRUE,TRUE,,,,,
1315,35 - 64,Very,Very,TRUE,TRUE,,,,,
1316,18 - 34,Not Very,Somewhat,FALSE,TRUE,,,,,
1317,18 - 34,Somewhat,Not too,TRUE,FALSE,,,,,
1318,35 - 64,Very,Very,TRUE,TRUE,,,,,
1319,35 - 64,Somewhat,Not too,TRUE,FALSE,,,,,
1320,35 - 64,Somewhat,Somewhat,TRUE,TRUE,,,,,
1321,35 - 64,Very,Not at all,TRUE,FALSE,,,,,
1322,35 - 64,Very,Not too,TRUE,FALSE,,,,,
1323,35 - 64,Very,Not too,TRUE,FALSE,,,,,
1324,65 and up,Very,Not at all,TRUE,FALSE,,,,,
1325,35 - 64,Somewhat,Not too,TRUE,FALSE,,,,,
1326,35 - 64,Not at all,Not too,FALSE,FALSE,,,,,
1327,35 - 64,Somewhat,Not too,TRUE,FALSE,,,,,
1328,35 - 64,Somewhat,Somewhat,TRUE,TRUE,,,,,
1329,35 - 64,Very,Not at all,TRUE,FALSE,,,,,
1330,35 - 64,Very,Very,TRUE,TRUE,,,,,
1331,35 - 64,Somewhat,Not too,TRUE,FALSE,,,,,
1332,18 - 34,Very,Not too,TRUE,FALSE,,,,,
1333,35 - 64,Somewhat,Not too,TRUE,FALSE,,,,,
1334,35 - 64,Somewhat,Very,TRUE,TRUE,,,,,
1335,35 - 64,Very,Somewhat,TRUE,TRUE,,,,,
1336,35 - 64,Very,Not too,TRUE,FALSE,,,,,
1337,35 - 64,Very,Somewhat,TRUE,TRUE,,,,,
1338,35 - 64,Somewhat,Not too,TRUE,FALSE,,,,,
1339,35 - 64,Very,Somewhat,TRUE,TRUE,,,,,
1340,35 - 64,Somewhat,Somewhat,TRUE,TRUE,,,,,
1341,18 - 34,Somewhat,Not too,TRUE,FALSE,,,,,
1342,35 - 64,Very,Somewhat,TRUE,TRUE,,,,,
1343,35 - 64,Somewhat,Not too,TRUE,FALSE,,,,,
1344,35 - 64,Somewhat,Somewhat,TRUE,TRUE,,,,,
1345,65 and up,Very,Somewhat,TRUE,TRUE,,,,,
1346,35 - 64,Somewhat,Not too,TRUE,FALSE,,,,,
1347,35 - 64,No answer,No answer,FALSE,FALSE,,,,,
1348,35 - 64,No answer,No answer,FALSE,FALSE,,,,,
1349,35 - 64,Somewhat,Very,TRUE,TRUE,,,,,
1350,65 and up,Very,Somewhat,TRUE,TRUE,,,,,
1351,35 - 64,Very,Not at all,TRUE,FALSE,,,,,
1352,35 - 64,Somewhat,Somewhat,TRUE,TRUE,,,,,
1353,35 - 64,Somewhat,Not too,TRUE,FALSE,,,,,
1354,18 - 34,Somewhat,Not too,TRUE,FALSE,,,,,
1355,18 - 34,Very,Somewhat,TRUE,TRUE,,,,,
1356,35 - 64,Somewhat,Not too,TRUE,FALSE,,,,,
1357,35 - 64,Somewhat,Somewhat,TRUE,TRUE,,,,,
1358,35 - 64,Somewhat,Not at all,TRUE,FALSE,,,,,
1359,35 - 64,Somewhat,Not at all,TRUE,FALSE,,,,,
1360,35 - 64,Somewhat,Somewhat,TRUE,TRUE,,,,,
1361,35 - 64,Very,Somewhat,TRUE,TRUE,,,,,
1362,35 - 64,Very,Not at all,TRUE,FALSE,,,,,
1363,35 - 64,Very,Somewhat,TRUE,TRUE,,,,,
1364,18 - 34,Not at all,Not at all,FALSE,FALSE,,,,,
1365,35 - 64,Very,Not at all,TRUE,FALSE,,,,,
1366,18 - 34,Somewhat,Somewhat,TRUE,TRUE,,,,,
1367,18 - 34,Somewhat,Somewhat,TRUE,TRUE,,,,,
1368,35 - 64,Very,Not at all,TRUE,FALSE,,,,,
1369,35 - 64,Somewhat,Not too,TRUE,FALSE,,,,,
1370,18 - 34,Very,Not too,TRUE,FALSE,,,,,
1371,18 - 34,Not Very,Not at all,FALSE,FALSE,,,,,
1372,35 - 64,Very,Not too,TRUE,FALSE,,,,,
1373,35 - 64,Very,Somewhat,TRUE,TRUE,,,,,
1374,35 - 64,Very,Not too,TRUE,FALSE,,,,,
1375,35 - 64,Not at all,Not at all,FALSE,FALSE,,,,,
1376,35 - 64,Somewhat,Not too,TRUE,FALSE,,,,,
1377,35 - 64,Somewhat,Not too,TRUE,FALSE,,,,,
1378,35 - 64,Very,Not at all,TRUE,FALSE,,,,,
1379,35 - 64,Very,Somewhat,TRUE,TRUE,,,,,
1380,65 and up,Somewhat,Not at all,TRUE,FALSE,,,,,
1381,18 - 34,Somewhat,Not too,TRUE,FALSE,,,,,
1382,18 - 34,Somewhat,Not at all,TRUE,FALSE,,,,,
1383,35 - 64,Very,Not too,TRUE,FALSE,,,,,
1384,35 - 64,Somewhat,Not too,TRUE,FALSE,,,,,
1385,35 - 64,Not at all,Not too,FALSE,FALSE,,,,,
1386,35 - 64,Very,Somewhat,TRUE,TRUE,,,,,
1387,35 - 64,Very,Somewhat,TRUE,TRUE,,,,,
1388,65 and up,Very,Very,TRUE,TRUE,,,,,
1389,35 - 64,Very,Very,TRUE,TRUE,,,,,
1390,35 - 64,Very,Not at all,TRUE,FALSE,,,,,
1391,35 - 64,Very,Not too,TRUE,FALSE,,,,,
1392,35 - 64,Somewhat,Somewhat,TRUE,TRUE,,,,,
1393,35 - 64,Somewhat,Not too,TRUE,FALSE,,,,,
1394,35 - 64,Somewhat,Somewhat,TRUE,TRUE,,,,,
1395,18 - 34,Very,Not too,TRUE,FALSE,,,,,
1396,65 and up,Very,Not too,TRUE,FALSE,,,,,
1397,35 - 64,Very,Very,TRUE,TRUE,,,,,
1398,35 - 64,Somewhat,Somewhat,TRUE,TRUE,,,,,
1399,35 - 64,Not Very,Not at all,FALSE,FALSE,,,,,
1400,35 - 64,Somewhat,Somewhat,TRUE,TRUE,,,,,
1401,35 - 64,Somewhat,Somewhat,TRUE,TRUE,,,,,
1402,35 - 64,Very,Very,TRUE,TRUE,,,,,
1403,35 - 64,Very,Somewhat,TRUE,TRUE,,,,,
1404,18 - 34,Somewhat,Not too,TRUE,FALSE,,,,,
1405,35 - 64,Very,Somewhat,TRUE,TRUE,,,,,
1406,35 - 64,Very,Somewhat,TRUE,TRUE,,,,,
1407,35 - 64,Very,Not at all,TRUE,FALSE,,,,,
1408,35 - 64,Somewhat,Not too,TRUE,FALSE,,,,,
1409,35 - 64,Very,Somewhat,TRUE,TRUE,,,,,
1410,65 and up,Not at all,Not at all,FALSE,FALSE,,,,,
1411,35 - 64,Somewhat,Not too,TRUE,FALSE,,,,,
1412,35 - 64,Somewhat,Somewhat,TRUE,TRUE,,,,,
1413,35 - 64,Somewhat,Somewhat,TRUE,TRUE,,,,,
1414,65 and up,Very,Somewhat,TRUE,TRUE,,,,,
1415,65 and up,Somewhat,Somewhat,TRUE,TRUE,,,,,
1416,35 - 64,Very,Very,TRUE,TRUE,,,,,
1417,35 - 64,Somewhat,Somewhat,TRUE,TRUE,,,,,
1418,65 and up,Somewhat,Not at all,TRUE,FALSE,,,,,
1419,35 - 64,Somewhat,Not too,TRUE,FALSE,,,,,
1420,35 - 64,Very,Not too,TRUE,FALSE,,,,,
1421,35 - 64,Somewhat,Not too,TRUE,FALSE,,,,,
1422,35 - 64,Somewhat,Somewhat,TRUE,TRUE,,,,,
1423,18 - 34,Somewhat,Not too,TRUE,FALSE,,,,,
1424,35 - 64,Somewhat,Somewhat,TRUE,TRUE,,,,,
1425,65 and up,Somewhat,Not at all,TRUE,FALSE,,,,,
1426,18 - 34,Somewhat,Not too,TRUE,FALSE,,,,,
1427,35 - 64,Somewhat,Not too,TRUE,FALSE,,,,,
1428,35 - 64,Very,Not at all,TRUE,FALSE,,,,,
1429,35 - 64,Very,Very,TRUE,TRUE,,,,,
1430,35 - 64,Very,Somewhat,TRUE,TRUE,,,,,
1431,65 and up,Somewhat,Somewhat,TRUE,TRUE,,,,,
1432,35 - 64,Very,Very,TRUE,TRUE,,,,,
1433,18 - 34,Very,Very,TRUE,TRUE,,,,,
1434,35 - 64,Very,Very,TRUE,TRUE,,,,,
1435,35 - 64,Not Very,Not too,FALSE,FALSE,,,,,
1436,35 - 64,Somewhat,Somewhat,TRUE,TRUE,,,,,
1437,35 - 64,Very,Very,TRUE,TRUE,,,,,
1438,35 - 64,Not Very,Not too,FALSE,FALSE,,,,,
1439,35 - 64,Somewhat,Somewhat,TRUE,TRUE,,,,,
1440,65 and up,Somewhat,Not too,TRUE,FALSE,,,,,
1441,35 - 64,Somewhat,Not too,TRUE,FALSE,,,,,
1442,35 - 64,Somewhat,Not too,TRUE,FALSE,,,,,
1443,35 - 64,Somewhat,Not too,TRUE,FALSE,,,,,
1444,35 - 64,Somewhat,Somewhat,TRUE,TRUE,,,,,
1445,18 - 34,Very,Not too,TRUE,FALSE,,,,,
1446,35 - 64,Somewhat,Not too,TRUE,FALSE,,,,,
1447,18 - 34,Not at all,Not at all,FALSE,FALSE,,,,,
1448,35 - 64,Very,Not too,TRUE,FALSE,,,,,
1449,65 and up,Somewhat,Very,TRUE,TRUE,,,,,
1450,35 - 64,Very,Somewhat,TRUE,TRUE,,,,,
1451,65 and up,Somewhat,Somewhat,TRUE,TRUE,,,,,
1452,35 - 64,Somewhat,Somewhat,TRUE,TRUE,,,,,
1453,35 - 64,Very,Not too,TRUE,FALSE,,,,,
1454,35 - 64,Somewhat,Not too,TRUE,FALSE,,,,,
1455,18 - 34,Very,Somewhat,TRUE,TRUE,,,,,
1456,35 - 64,Somewhat,Somewhat,TRUE,TRUE,,,,,
1457,18 - 34,Very,Very,TRUE,TRUE,,,,,
1458,35 - 64,Not Very,Somewhat,FALSE,TRUE,,,,,
1459,35 - 64,Not Very,Not too,FALSE,FALSE,,,,,
1460,35 - 64,Somewhat,Not too,TRUE,FALSE,,,,,
1461,35 - 64,Very,Not at all,TRUE,FALSE,,,,,
1462,18 - 34,Not Very,Somewhat,FALSE,TRUE,,,,,
1463,18 - 34,Very,Not too,TRUE,FALSE,,,,,
1464,18 - 34,Somewhat,Not at all,TRUE,FALSE,,,,,
1465,35 - 64,Very,Not too,TRUE,FALSE,,,,,
1466,35 - 64,Very,Somewhat,TRUE,TRUE,,,,,
1467,18 - 34,Somewhat,Not too,TRUE,FALSE,,,,,
1468,35 - 64,Very,Very,TRUE,TRUE,,,,,
1469,35 - 64,Not Very,Not too,FALSE,FALSE,,,,,
1470,35 - 64,Somewhat,Somewhat,TRUE,TRUE,,,,,
1471,35 - 64,Somewhat,Not too,TRUE,FALSE,,,,,
1472,35 - 64,Very,Very,TRUE,TRUE,,,,,
1473,65 and up,Very,Not too,TRUE,FALSE,,,,,
1474,65 and up,Very,Somewhat,TRUE,TRUE,,,,,
1475,35 - 64,Somewhat,Somewhat,TRUE,TRUE,,,,,
1476,35 - 64,Somewhat,Somewhat,TRUE,TRUE,,,,,
1477,35 - 64,Very,Very,TRUE,TRUE,,,,,
1478,18 - 34,Very,Somewhat,TRUE,TRUE,,,,,
1479,35 - 64,Somewhat,Somewhat,TRUE,TRUE,,,,,
1480,35 - 64,Somewhat,Somewhat,TRUE,TRUE,,,,,
1481,35 - 64,Somewhat,Not too,TRUE,FALSE,,,,,
1482,65 and up,Not at all,Not at all,FALSE,FALSE,,,,,
1483,35 - 64,Somewhat,Not too,TRUE,FALSE,,,,,
1484,35 - 64,Somewhat,Very,TRUE,TRUE,,,,,
1485,35 - 64,Not Very,Not at all,FALSE,FALSE,,,,,
1486,35 - 64,Very,Not too,TRUE,FALSE,,,,,
1487,18 - 34,Somewhat,Not at all,TRUE,FALSE,,,,,
1488,18 - 34,Very,Very,TRUE,TRUE,,,,,
1489,35 - 64,Somewhat,Not too,TRUE,FALSE,,,,,
1490,35 - 64,Somewhat,Somewhat,TRUE,TRUE,,,,,
1491,35 - 64,Somewhat,Somewhat,TRUE,TRUE,,,,,
1492,35 - 64,Somewhat,Somewhat,TRUE,TRUE,,,,,
1493,18 - 34,Not Very,Somewhat,FALSE,TRUE,,,,,
1494,35 - 64,Very,Not too,TRUE,FALSE,,,,,
1495,35 - 64,Very,Not too,TRUE,FALSE,,,,,
1496,35 - 64,Somewhat,Not at all,TRUE,FALSE,,,,,
1497,18 - 34,Not Very,Not at all,FALSE,FALSE,,,,,
1498,35 - 64,Somewhat,Somewhat,TRUE,TRUE,,,,,
1499,35 - 64,Very,Not too,TRUE,FALSE,,,,,
1500,65 and up,Not Very,Not too,FALSE,FALSE,,,,,
1501,35 - 64,Somewhat,Somewhat,TRUE,TRUE,,,,,
1502,35 - 64,Somewhat,Somewhat,TRUE,TRUE,,,,,
1503,35 - 64,Somewhat,Not too,TRUE,FALSE,,,,,
1504,35 - 64,Very,Not too,TRUE,FALSE,,,,,
1505,35 - 64,Somewhat,Not at all,TRUE,FALSE,,,,,
1506,35 - 64,Somewhat,Somewhat,TRUE,TRUE,,,,,
1507,35 - 64,Somewhat,Not too,TRUE,FALSE,,,,,
1508,35 - 64,Not Very,Not too,FALSE,FALSE,,,,,
1509,65 and up,Not at all,Not at all,FALSE,FALSE,,,,,
1510,65 and up,Very,Very,TRUE,TRUE,,,,,
1511,65 and up,Not Very,Not too,FALSE,FALSE,,,,,
1512,65 and up,Somewhat,Very,TRUE,TRUE,,,,,
1513,35 - 64,Somewhat,Somewhat,TRUE,TRUE,,,,,
1514,35 - 64,Very,Very,TRUE,TRUE,,,,,
1515,18 - 34,Somewhat,Somewhat,TRUE,TRUE,,,,,
1516,35 - 64,Somewhat,Not too,TRUE,FALSE,,,,,
1517,18 - 34,Very,Somewhat,TRUE,TRUE,,,,,
1518,35 - 64,Very,Somewhat,TRUE,TRUE,,,,,
1519,65 and up,Somewhat,Somewhat,TRUE,TRUE,,,,,
1520,35 - 64,Very,Very,TRUE,TRUE,,,,,
1521,35 - 64,Somewhat,Very,TRUE,TRUE,,,,,
1522,35 - 64,Very,Very,TRUE,TRUE,,,,,
1523,65 and up,Very,Not too,TRUE,FALSE,,,,,
1524,35 - 64,Somewhat,Not too,TRUE,FALSE,,,,,
1525,65 and up,Somewhat,Somewhat,TRUE,TRUE,,,,,
1526,65 and up,Not Very,Not too,FALSE,FALSE,,,,,
1527,65 and up,Somewhat,Somewhat,TRUE,TRUE,,,,,
1528,35 - 64,Very,Not too,TRUE,FALSE,,,,,
1529,18 - 34,Very,Very,TRUE,TRUE,,,,,
1530,35 - 64,Very,Not too,TRUE,FALSE,,,,,
1531,35 - 64,Somewhat,Not at all,TRUE,FALSE,,,,,
1532,65 and up,Very,Not too,TRUE,FALSE,,,,,
1533,65 and up,Very,Somewhat,TRUE,TRUE,,,,,
1534,35 - 64,Somewhat,Not too,TRUE,FALSE,,,,,
1535,35 - 64,Not Very,No answer,FALSE,FALSE,,,,,
1536,35 - 64,Somewhat,Not too,TRUE,FALSE,,,,,
1537,18 - 34,Somewhat,Not too,TRUE,FALSE,,,,,
1538,35 - 64,Somewhat,Somewhat,TRUE,TRUE,,,,,
1539,65 and up,Very,Very,TRUE,TRUE,,,,,
1540,35 - 64,Somewhat,Not too,TRUE,FALSE,,,,,
1541,35 - 64,Somewhat,Not too,TRUE,FALSE,,,,,
1542,35 - 64,Somewhat,Not too,TRUE,FALSE,,,,,
1543,18 - 34,Somewhat,Not at all,TRUE,FALSE,,,,,
1544,65 and up,Very,Not too,TRUE,FALSE,,,,,
1545,35 - 64,Somewhat,Not too,TRUE,FALSE,,,,,
1546,65 and up,Somewhat,Somewhat,TRUE,TRUE,,,,,
1547,65 and up,Somewhat,Not too,TRUE,FALSE,,,,,
1548,35 - 64,Somewhat,Not too,TRUE,FALSE,,,,,
1549,65 and up,Somewhat,Somewhat,TRUE,TRUE,,,,,
1550,35 - 64,Somewhat,Somewhat,TRUE,TRUE,,,,,
1551,35 - 64,Very,Somewhat,TRUE,TRUE,,,,,
1552,65 and up,Very,Somewhat,TRUE,TRUE,,,,,
1553,65 and up,Somewhat,Not too,TRUE,FALSE,,,,,
1554,35 - 64,Very,Somewhat,TRUE,TRUE,,,,,
1555,35 - 64,Somewhat,Very,TRUE,TRUE,,,,,
1556,35 - 64,Somewhat,Not too,TRUE,FALSE,,,,,
1557,18 - 34,Somewhat,Not too,TRUE,FALSE,,,,,
1558,35 - 64,Very,Somewhat,TRUE,TRUE,,,,,
1559,35 - 64,Somewhat,Not too,TRUE,FALSE,,,,,
1560,18 - 34,Somewhat,Somewhat,TRUE,TRUE,,,,,
1561,35 - 64,Somewhat,Not too,TRUE,FALSE,,,,,
1562,35 - 64,Somewhat,Somewhat,TRUE,TRUE,,,,,
1563,35 - 64,Somewhat,Not at all,TRUE,FALSE,,,,,
1564,35 - 64,Somewhat,Not too,TRUE,FALSE,,,,,
1565,18 - 34,Somewhat,Not at all,TRUE,FALSE,,,,,
1566,18 - 34,Not Very,Not too,FALSE,FALSE,,,,,
1567,35 - 64,Somewhat,Somewhat,TRUE,TRUE,,,,,
1568,18 - 34,Somewhat,Not too,TRUE,FALSE,,,,,
1569,18 - 34,Very,Somewhat,TRUE,TRUE,,,,,
1570,35 - 64,Somewhat,Somewhat,TRUE,TRUE,,,,,
1571,35 - 64,Somewhat,Not too,TRUE,FALSE,,,,,
1572,18 - 34,Not at all,Somewhat,FALSE,TRUE,,,,,
1573,35 - 64,Very,Somewhat,TRUE,TRUE,,,,,
1574,35 - 64,Somewhat,Somewhat,TRUE,TRUE,,,,,
1575,35 - 64,Very,Not at all,TRUE,FALSE,,,,,
1576,35 - 64,Very,Very,TRUE,TRUE,,,,,
1577,35 - 64,Very,Somewhat,TRUE,TRUE,,,,,
1578,35 - 64,Somewhat,Not too,TRUE,FALSE,,,,,
1579,35 - 64,Not Very,Very,FALSE,TRUE,,,,,
1580,35 - 64,Somewhat,Somewhat,TRUE,TRUE,,,,,
1581,35 - 64,Not Very,Not too,FALSE,FALSE,,,,,
1582,35 - 64,Very,Somewhat,TRUE,TRUE,,,,,
1583,35 - 64,Very,Not too,TRUE,FALSE,,,,,
1584,35 - 64,Very,Not at all,TRUE,FALSE,,,,,
1585,18 - 34,Not at all,Not at all,FALSE,FALSE,,,,,
1586,18 - 34,Not Very,Not too,FALSE,FALSE,,,,,
1587,35 - 64,Very,Not at all,TRUE,FALSE,,,,,
1588,35 - 64,Somewhat,Somewhat,TRUE,TRUE,,,,,
1589,35 - 64,Somewhat,Somewhat,TRUE,TRUE,,,,,
1590,35 - 64,Very,Not at all,TRUE,FALSE,,,,,
1591,35 - 64,Not Very,Not too,FALSE,FALSE,,,,,
1592,18 - 34,Very,Very,TRUE,TRUE,,,,,
1593,35 - 64,Somewhat,Somewhat,TRUE,TRUE,,,,,
1594,18 - 34,Very,Very,TRUE,TRUE,,,,,
1595,35 - 64,Somewhat,Not too,TRUE,FALSE,,,,,
1596,18 - 34,Somewhat,Somewhat,TRUE,TRUE,,,,,
1597,18 - 34,Somewhat,Somewhat,TRUE,TRUE,,,,,
1598,18 - 34,Somewhat,Not too,TRUE,FALSE,,,,,
1599,35 - 64,Very,Somewhat,TRUE,TRUE,,,,,
1600,35 - 64,Somewhat,Somewhat,TRUE,TRUE,,,,,
1601,35 - 64,Somewhat,Not too,TRUE,FALSE,,,,,
1602,35 - 64,Very,Very,TRUE,TRUE,,,,,
1603,18 - 34,Somewhat,Somewhat,TRUE,TRUE,,,,,
1604,35 - 64,Very,Not too,TRUE,FALSE,,,,,
1605,35 - 64,Somewhat,Somewhat,TRUE,TRUE,,,,,
1606,18 - 34,Very,Very,TRUE,TRUE,,,,,
1607,18 - 34,Very,Not at all,TRUE,FALSE,,,,,
1608,65 and up,Very,Somewhat,TRUE,TRUE,,,,,
1609,35 - 64,Not Very,Not too,FALSE,FALSE,,,,,
1610,35 - 64,Very,Not at all,TRUE,FALSE,,,,,
1611,18 - 34,Not Very,Not at all,FALSE,FALSE,,,,,
1612,35 - 64,Very,Very,TRUE,TRUE,,,,,
1613,35 - 64,Somewhat,Somewhat,TRUE,TRUE,,,,,
1614,18 - 34,Somewhat,Somewhat,TRUE,TRUE,,,,,
1615,18 - 34,Very,Not at all,TRUE,FALSE,,,,,
